Trial,DAS,Variable,Yield_r,Yield_p,PeakStand_r,PeakStand_p
25104,10,ExG,-0.452912089,0.0449262637,-0.306537989,0.188670043
25104,10,ExR,-0.452912089,0.0449262637,-0.306537989,0.188670043
25104,10,GNDRE,-0.281880836,0.2285722294,0.033025073,0.890066698
25104,10,GNDVI,-0.444137301,0.0497844085,-0.086986238,0.7153665028
25104,10,HA,-0.167922753,0.4791510686,-0.090809127,0.7033889186
25104,10,NDVI,-0.437696702,0.0535988526,-0.118435446,0.618969485
25104,10,PlantCount,-0.320965003,0.1676459928,-0.483154654,0.0309265381
25104,10,Thresh,-0.441172043,0.051513873,-0.199883603,0.3981533567
25104,16,ExG,0.586145619,0.0066074286,0.7363357555,0.0002140485
25104,16,ExR,-0.406489752,0.0753150016,-0.532441024,0.0156575533
25104,16,GNDRE,0.5863276555,0.0065865036,0.7268057709,0.0002834958
25104,16,GNDVI,0.6045255636,0.0047518471,0.7648551433,0.000085657
25104,16,HA,0.0319383781,0.8936640857,-0.207464627,0.3801204148
25104,16,NDVI,0.5826274086,0.0070226786,0.7470825184,0.0001536954
25104,16,PlantCount,-0.156778441,0.5091961434,-0.353427046,0.1263566023
25104,16,Thresh,0.6850954044,0.0008585221,0.8685258819,6.8504003E-7
25104,23,ExG,0.7231973441,0.0003143943,0.9081845465,3.1435363E-8
25104,23,ExR,-0.720501141,0.0003393154,-0.843085928,3.0535566E-6
25104,23,GNDRE,0.6177604727,0.0037016889,0.4840650457,0.0305658281
25104,23,GNDVI,0.8137404641,0.0000127505,0.8765682135,4.0019631E-7
25104,23,HA,-0.044924794,0.8508236791,-0.038834749,0.8708710986
25104,23,NDVI,0.817995617,0.0000105292,0.9423084405,5.448206E-10
25104,23,PlantCount,0.0197578708,0.934107541,0.0359690311,0.8803316168
25104,23,Thresh,0.7992822511,0.0000236135,0.9542101558,7.115145E-11
25104,30,ExG,0.7327500517,0.0002382411,0.9261507195,4.7357147E-9
25104,30,ExR,-0.790761205,0.0000331982,-0.93429214,1.7058268E-9
25104,30,GNDRE,0.7419810172,0.0001802201,0.8374289386,4.1092898E-6
25104,30,GNDVI,0.7876270573,0.0000374852,0.9167128353,1.349637E-8
25104,30,HA,-0.360051929,0.1189125782,-0.47359859,0.0349174469
25104,30,NDVI,0.7846989141,0.0000419143,0.9195856987,9.9463555E-9
25104,30,PlantCount,-0.626080651,0.003145993,-0.671585403,0.0011847225
25104,30,Thresh,0.8073240376,0.0000168664,0.9521845969,1.042658E-10
25104,37,ExG,0.6969820314,0.0006377268,0.918701546,1.093892E-8
25104,37,ExR,-0.812715956,0.0000133423,-0.952256669,1.028871E-10
25104,37,GNDRE,0.8063726351,0.0000175654,0.8559106545,1.4890904E-6
25104,37,GNDVI,0.8465154723,2.5360681E-6,0.9432989425,4.678966E-10
25104,37,HA,-0.455915445,0.0433501991,-0.678457549,0.0010077485
25104,37,NDVI,0.8267174601,7.0011963E-6,0.9563495963,4.661913E-11
25104,37,PlantCount,-0.562363173,0.0098511306,-0.65691671,0.0016513031
25104,37,Thresh,0.8403457124,3.5309315E-6,0.9675550132,3.363567E-12
25104,42,ExG,0.6539448287,0.0017625075,0.8978385503,7.9050442E-8
25104,42,ExR,-0.813458348,0.0000129111,-0.973317855,5.909911E-13
25104,42,GNDRE,-0.813458348,0.0000129111,-0.973317855,5.909911E-13
25104,42,GNDVI,0.8611997271,1.085255E-6,0.959402821,2.454661E-11
25104,42,HA,-0.588742498,0.006314023,-0.41707015,0.067324451
25104,42,NDVI,0.8268667718,6.9511126E-6,0.9741804627,4.410562E-13
25104,42,PlantCount,-0.552558958,0.0115188551,-0.391179382,0.0881014243
25104,42,Thresh,0.8435931962,2.9716514E-6,0.9972672716,7.991683E-22
25105,10,ExG,0.1577639582,0.5065033974,0.4264300181,0.0608023038
25105,10,ExR,0.1577639582,0.5065033974,0.4264300181,0.0608023038
25105,10,GNDRE,0.0666745381,0.7800232842,0.3781109845,0.1002231858
25105,10,GNDVI,-0.015662056,0.9477468754,0.3280002667,0.1580010299
25105,10,HA,-0.174594966,0.4615967471,0.2433512585,0.3011959628
25105,10,NDVI,0.0459494937,0.847458846,0.4204033592,0.0649442408
25105,10,PlantCount,0.1286093419,0.5889369882,0.2261975025,0.3375796849
25105,10,Thresh,0.0889489802,0.7092087886,0.3705655257,0.1077519491
25105,16,ExG,-0.024484759,0.9183888707,0.4326922345,0.0567134598
25105,16,ExR,0.0930476529,0.6964062354,-0.241593154,0.3048106787
25105,16,GNDRE,-0.225346336,0.3394494648,0.4010652685,0.0796759065
25105,16,GNDVI,-0.24692041,0.2939383058,0.510371723,0.0214900028
25105,16,HA,0.126695292,0.594539962,-0.014520723,0.9515502414
25105,16,NDVI,-0.227576961,0.3345622634,0.4787870295,0.0327036796
25105,16,PlantCount,0.0015745554,0.9947434281,-0.0516454,0.8288028553
25105,16,Thresh,-0.132064747,0.5788789031,0.3764567616,0.1018399675
25105,23,ExG,-0.060189195,0.8009866662,0.7618137394,0.0000950003
25105,23,ExR,0.0375460539,0.8751234202,-0.82529585,7.4939857E-6
25105,23,GNDRE,-0.356068608,0.1233497362,0.5033113556,0.0236822119
25105,23,GNDVI,0.0550776463,0.8176029202,0.8440160378,2.9048484E-6
25105,23,HA,0.1767072492,0.4561087345,0.3895160275,0.0895811422
25105,23,NDVI,-0.029086079,0.9031156585,0.81392668,0.0000126454
25105,23,PlantCount,0.2872064203,0.2195238036,0.3542745226,0.1253863061
25105,23,Thresh,0.0191182409,0.9362364797,0.819131266,9.9965894E-6
25105,30,ExG,-0.158205695,0.5052986582,0.7591008998,0.0001040603
25105,30,ExR,0.2245166813,0.3412778185,-0.757272714,0.0001105761
25105,30,GNDRE,-0.445644075,0.0489228082,0.5455047602,0.0128546778
25105,30,GNDVI,-0.356198447,0.1232032687,0.7167437647,0.0003768394
25105,30,HA,-0.039495873,0.868690896,0.2800725534,0.2316989391
25105,30,NDVI,-0.347305865,0.1335238971,0.7137127442,0.0004096309
25105,30,PlantCount,-0.100995384,0.6718073685,0.0600458251,0.8014516368
25105,30,Thresh,-0.291811669,0.2118913163,0.7209878275,0.0003346964
25105,37,ExG,0.0891385174,0.7086150643,0.7940051763,0.0000292139
25105,37,ExR,0.0326962762,0.8911549299,-0.748890762,0.0001451343
25105,37,GNDRE,-0.300645467,0.1977461082,0.3640588898,0.1145655703
25105,37,GNDVI,-0.231425815,0.3262276573,0.5378202848,0.0144493656
25105,37,HA,0.3578736032,0.1213246965,0.1441332456,0.5443431518
25105,37,NDVI,-0.163056392,0.4921608164,0.6193377102,0.0035905234
25105,37,PlantCount,0.4355996247,0.0548877155,0.0404154149,0.8656600224
25105,37,Thresh,-0.156530034,0.5098759504,0.7049240134,0.0005187726
25105,42,ExG,0.430745186,0.0579616931,0.8443227313,2.8572181E-6
25105,42,ExR,-0.409542828,0.0729401833,-0.857064127,1.3913069E-6
25105,42,GNDRE,-0.409542828,0.0729401833,-0.857064127,1.3913069E-6
25105,42,GNDVI,0.2156425947,0.361192429,0.7207227665,0.0003372053
25105,42,HA,0.2794475618,0.2327860348,0.3640068332,0.1146213016
25105,42,NDVI,0.2873890634,0.2192177145,0.8098651744,0.0000151163
25105,42,PlantCount,0.0921426789,0.6992263472,0.2094628826,0.3754448546
25105,42,Thresh,0.2990848238,0.2001979438,0.8832502832,2.4872996E-7
25106,10,ExG,-0.249528835,0.3513303007,0.4637077747,0.0704260627
25106,10,ExR,-0.249528835,0.3513303007,0.4637077747,0.0704260627
25106,10,GNDRE,0.0611263102,0.8220720347,0.2745991693,0.3033594447
25106,10,GNDVI,-0.202143888,0.4527797641,0.5604838184,0.0239255625
25106,10,HA,0.1470564295,0.5867995514,-0.213033496,0.4282625552
25106,10,NDVI,-0.147416986,0.585872469,0.6421243563,0.0073191962
25106,10,PlantCount,-0.040841389,0.8806264064,0.0232020681,0.9320304168
25106,10,Thresh,-0.199168299,0.4595990829,0.59392797,0.0152732561
25106,16,ExG,-0.407837083,0.1168561878,0.5809201684,0.0182854281
25106,16,ExR,0.3829988503,0.1431267142,-0.442198696,0.0863383821
25106,16,GNDRE,-0.602525936,0.0135052616,0.4754195711,0.06271918
25106,16,GNDVI,-0.508066498,0.0445041782,0.7148302178,0.0018577491
25106,16,HA,-0.080478378,0.7670154023,-0.027335266,0.9199557951
25106,16,NDVI,-0.466371634,0.0686155745,0.7280199843,0.001386502
25106,16,PlantCount,0.0197064564,0.9422533672,0.2234515286,0.4054662985
25106,16,Thresh,-0.425847075,0.1000484738,0.688777799,0.0031702288
25106,23,ExG,-0.388642361,0.136834198,0.8463240386,0.0000357901
25106,23,ExR,0.3934999302,0.1315719097,-0.870508816,0.0000115459
25106,23,GNDRE,0.3210561064,0.225330352,-0.123126612,0.6496195414
25106,23,GNDVI,-0.371193081,0.1569205472,0.7868411193,0.0002987346
25106,23,HA,0.1838130168,0.4955851474,-0.23041931,0.3905874383
25106,23,NDVI,-0.375982974,0.1512204268,0.8097624157,0.000143829
25106,23,PlantCount,0.2455459464,0.3593228119,-0.278431724,0.296385554
25106,23,Thresh,-0.416385916,0.1086495379,0.815038506,0.0001199063
25106,30,ExG,-0.206831551,0.4421406728,0.8674988175,0.0000134482
25106,30,ExR,0.1178231932,0.6638660428,-0.920314678,4.4223924E-7
25106,30,GNDRE,-0.083062212,0.7597369822,0.7927971858,0.0002491956
25106,30,GNDVI,-0.158564803,0.5575123575,0.9199701942,4.5537121E-7
25106,30,HA,-0.411390719,0.1133940093,0.0722798324,0.7902284623
25106,30,NDVI,-0.168418806,0.5329509349,0.9409618224,5.7299612E-8
25106,30,PlantCount,-0.44444983,0.0845623288,0.2914677962,0.2733852436
25106,30,Thresh,-0.206632136,0.442590658,0.9242082386,3.1473462E-7
25106,37,ExG,0.0499027274,0.8543805715,0.9347813887,1.1313471E-7
25106,37,ExR,-0.188624521,0.4841677344,-0.891990453,3.4410569E-6
25106,37,GNDRE,0.0992651455,0.7145462056,0.6207528733,0.0102874508
25106,37,GNDVI,0.0886675107,0.744012917,0.8517274145,0.0000282815
25106,37,HA,-0.088737253,0.7438178577,0.3644115774,0.1652352222
25106,37,NDVI,0.0765806882,0.7780292802,0.9259900811,2.6774063E-7
25106,37,PlantCount,0.0130028346,0.9618805547,0.4475241512,0.0821793812
25106,37,Thresh,-0.002751459,0.9919311469,0.9647482043,1.6524583E-9
25106,42,ExG,-0.059368731,0.8271150942,0.8935685118,3.117651E-6
25106,42,ExR,-0.047662267,0.8608577082,-0.974445542,1.783695E-10
25106,42,GNDRE,-0.047662267,0.8608577082,-0.974445542,1.783695E-10
25106,42,GNDVI,0.0320268664,0.9062698415,0.8619147052,0.0000176777
25106,42,HA,-0.027981507,0.9180692989,0.1397897884,0.6056108921
25106,42,NDVI,-0.010756884,0.9684614752,0.9675479084,9.328169E-10
25106,42,PlantCount,-0.170286187,0.5283519602,0.098941784,0.7154399733
25106,42,Thresh,-0.024967149,0.9268721074,1,0
25107,10,ExG,-0.246268329,0.2818725588,-0.034192577,0.8830232084
25107,10,ExR,-0.246268329,0.2818725588,-0.034192577,0.8830232084
25107,10,GNDRE,0.308348863,0.1738554305,-0.265964086,0.2438946279
25107,10,GNDVI,0.1880442344,0.4143394742,-0.312508352,0.1678217025
25107,10,HA,-0.211317647,0.3578203364,0.0279629146,0.9042307703
25107,10,NDVI,0.1387627395,0.5485948946,-0.235721882,0.3036412852
25107,10,PlantCount,0.4546271524,0.0384002262,-0.47665946,0.0289144746
25107,10,Thresh,0.0181935128,0.937610075,-0.411322484,0.0639583443
25107,16,ExG,-0.242391215,0.2897591577,-0.247203202,0.2799911084
25107,16,ExR,-0.144113428,0.5331276719,0.2467609704,0.2808801288
25107,16,GNDRE,0.0832660969,0.7197205132,0.0389082882,0.8670198663
25107,16,GNDVI,-0.052823301,0.8201107758,-0.072407876,0.7551118739
25107,16,HA,0.025751886,0.911773599,0.32850694,0.1459634034
25107,16,NDVI,-0.135382175,0.5584707046,-0.102983261,0.6568869569
25107,16,PlantCount,0.29574242,0.1930455346,-0.051605154,0.8241960993
25107,16,Thresh,-0.248567765,0.2772590021,-0.253497247,0.2675287348
25107,23,ExG,-0.023399815,0.9198055969,-0.062927827,0.7864049205
25107,23,ExR,0.0676943326,0.770628127,0.1414286499,0.5408631727
25107,23,GNDRE,0.3644617513,0.1043032139,0.0035455102,0.9878306226
25107,23,GNDVI,0.0083696201,0.9712773407,0.1433423951,0.5353439342
25107,23,HA,0.3346253678,0.1381590667,0.3046081024,0.1794073908
25107,23,NDVI,-0.056565832,0.8075878242,-0.128283624,0.5794620914
25107,23,PlantCount,0.1079339587,0.6414351225,0.0713889187,0.758458664
25107,23,Thresh,-0.102931496,0.6570492507,-0.031990644,0.8905111603
25107,30,ExG,0.1429953839,0.5363427753,0.3795988153,0.0896533902
25107,30,ExR,-0.182420733,0.4286852428,-0.306116069,0.1771549267
25107,30,GNDRE,-0.090887422,0.6952003889,0.3835160886,0.0861233618
25107,30,GNDVI,-0.188909628,0.4121552479,0.5544679237,0.0090948462
25107,30,HA,-0.489857154,0.0241881871,-0.061767015,0.7902596037
25107,30,NDVI,-0.022136859,0.9241215688,0.5865652612,0.0051918238
25107,30,PlantCount,-0.308798465,0.1731961684,-0.119534051,0.6057924583
25107,30,Thresh,-0.014627456,0.9498223115,0.5684652413,0.0071707793
25107,37,ExG,0.1266893919,0.5842227378,0.7521424023,0.0000840705
25107,37,ExR,-0.188780975,0.4124795671,-0.709463879,0.0003161576
25107,37,GNDRE,-0.312709331,0.1675338707,0.3571983682,0.1119211844
25107,37,GNDVI,-0.080501606,0.7286820699,0.7386209646,0.0001313857
25107,37,HA,-0.341032379,0.1303080535,-0.00704005,0.9758387248
25107,37,NDVI,0.0305123609,0.8955433266,0.7916338197,0.0000191178
25107,37,PlantCount,-0.367843434,0.1008884808,-0.034381964,0.8823796122
25107,37,Thresh,-0.006596336,0.9773611518,0.8229122383,4.6469207E-6
25107,42,ExG,-0.040279537,0.8623754718,0.7849464069,0.0000250915
25107,42,ExR,-0.031481518,0.8922438094,-0.932078182,8.047243E-10
25107,42,GNDRE,-0.031481518,0.8922438094,-0.932078182,8.047243E-10
25107,42,GNDVI,-0.022472141,0.9229755863,0.8165601272,6.3254982E-6
25107,42,HA,-0.633083388,0.0020669408,-0.042238507,0.8557480863
25107,42,NDVI,0.0188631827,0.9353181617,0.8922151937,5.5174455E-8
25107,42,PlantCount,-0.549957654,0.0097980042,0.0150051931,0.9485281621
25107,42,Thresh,-0.065895516,0.7765722011,0.999877392,9.064832E-36
25110,10,ExG,-0.375147194,0.0111093845,-0.344310444,0.0205569686
25110,10,ExR,-0.375147194,0.0111093845,-0.344310444,0.0205569686
25110,10,GNDRE,-0.075686537,0.6212050739,-0.095433731,0.5328904542
25110,10,GNDVI,-0.04245542,0.7818491078,0.0437126087,0.7755539357
25110,10,HA,0.1783359871,0.241167326,0.0645944151,0.6733463795
25110,10,NDVI,-0.03100793,0.8397582788,0.1913935009,0.2078647297
25110,10,PlantCount,0.0334832032,0.8271543398,-0.069178156,0.6515974855
25110,10,Thresh,0.1474941758,0.3336038875,0.4340558067,0.0028919147
25110,16,ExG,-0.182178679,0.2310118413,0.5134901494,0.0003093048
25110,16,ExR,0.0923692287,0.5461844123,-0.531641386,0.0001712134
25110,16,GNDRE,0.0272330088,0.8590554766,0.2047506556,0.1772718849
25110,16,GNDVI,-0.063499706,0.6785805982,0.5921186399,0.0000183161
25110,16,HA,0.0355962299,0.816428686,-0.001512703,0.9921314183
25110,16,NDVI,-0.117242951,0.4430763988,0.6542267923,1.0931221E-6
25110,16,PlantCount,0.2276407932,0.1326038496,-0.363522133,0.0141048825
25110,16,Thresh,-0.169819202,0.2647436653,0.6423137309,1.9710889E-6
25110,23,ExG,-0.261484483,0.0827300257,0.438444574,0.0025905277
25110,23,ExR,0.2781710659,0.0642814131,-0.386053975,0.0088120687
25110,23,GNDRE,-0.066628681,0.6636603545,0.0126168419,0.9344416546
25110,23,GNDVI,0.0268927477,0.8607990443,0.0875570758,0.5673742891
25110,23,HA,-0.000507692,0.997359115,-0.280926595,0.061577905
25110,23,NDVI,-0.106408392,0.4866157419,0.5747724996,0.000036385
25110,23,PlantCount,-0.007494511,0.9610303763,-0.194360249,0.2007704288
25110,23,Thresh,-0.132628721,0.3851151759,0.623735998,4.7075033E-6
25110,30,ExG,-0.055776603,0.7159211917,0.6306909246,3.4209577E-6
25110,30,ExR,0.1925869728,0.2049900262,-0.548551111,0.0000956719
25110,30,GNDRE,-0.188814857,0.2141718793,0.2403849417,0.1117005586
25110,30,GNDVI,-0.171563255,0.2597953025,0.5953455853,0.0000160496
25110,30,HA,0.0871761067,0.569067934,-0.415365817,0.0045485083
25110,30,NDVI,-0.162206888,0.2870719584,0.6070050929,9.8383673E-6
25110,30,PlantCount,0.1840491767,0.2261761009,-0.421138656,0.003965379
25110,30,Thresh,-0.081674582,0.5937812753,0.6688936578,5.1005407E-7
25110,37,ExG,0.2366928546,0.1174796846,0.9387651975,1.625882E-21
25110,37,ExR,-0.083731557,0.5844857907,-0.897086828,7.490922E-17
25110,37,GNDRE,-0.183615079,0.2272921014,0.161292283,0.2898347779
25110,37,GNDVI,-0.26280753,0.081130954,0.6353033098,2.7562044E-6
25110,37,HA,-0.097197227,0.5253125958,-0.247534982,0.1011271076
25110,37,NDVI,-0.156638421,0.3041596969,0.7808902077,2.494816E-10
25110,37,PlantCount,-0.218977304,0.1483975766,-0.239362921,0.1132781886
25110,37,Thresh,0.0818351339,0.5930533974,0.9198604514,4.367438E-19
25110,42,ExG,0.3453590326,0.0201499033,0.918501386,6.183653E-19
25110,42,ExR,-0.203569162,0.1798395379,-0.966460015,5.136295E-27
25110,42,GNDRE,-0.203569162,0.1798395379,-0.966460015,5.136295E-27
25110,42,GNDVI,-0.341605719,0.0216389928,0.5723546141,0.0000399155
25110,42,HA,-0.082159735,0.5915829931,-0.112923363,0.4601720022
25110,42,NDVI,-0.129106875,0.3979715767,0.8162077179,8.34183E-12
25110,42,PlantCount,-0.215202646,0.1556962763,-0.223601825,0.1398030243
25110,42,Thresh,0.1757727946,0.2481074816,0.9856122083,7.767764E-35
25111,10,ExG,-0.157725518,0.3184770672,0.3539999514,0.0214491286
25111,10,ExR,-0.157725518,0.3184770672,0.3539999514,0.0214491286
25111,10,GNDRE,-0.069238822,0.6630538999,0.5667627675,0.0000911324
25111,10,GNDVI,0.0316862764,0.8421037537,0.6516392582,2.9512463E-6
25111,10,HA,0.0500265738,0.7530485684,0.3819462843,0.0125591493
25111,10,NDVI,-0.004482498,0.9775239049,0.6663443137,1.4575529E-6
25111,10,PlantCount,0.1843564527,0.2424999812,0.0212470054,0.8937538279
25111,10,Thresh,-0.043325964,0.7852848306,0.6023060463,0.0000244136
25111,16,ExG,-0.088852222,0.5757801438,0.6250339526,9.6488507E-6
25111,16,ExR,0.0523169553,0.7421209633,-0.607791003,0.0000196418
25111,16,GNDRE,-0.025908342,0.8706244806,0.6854831988,5.4772595E-7
25111,16,GNDVI,-0.01393996,0.93017945,0.7018756787,2.2302281E-7
25111,16,HA,0.0083395892,0.9581968132,-0.272889509,0.0803754692
25111,16,NDVI,-0.016357587,0.9181083298,0.711800918,1.2565727E-7
25111,16,PlantCount,0.0863879004,0.5864548558,-0.233058484,0.1374510051
25111,16,Thresh,-0.025997369,0.8701837026,0.648682396,3.3856071E-6
25111,23,ExG,0.0148795699,0.9254860295,0.6696062475,1.2398112E-6
25111,23,ExR,-0.041415586,0.794543436,-0.673984206,9.9465325E-7
25111,23,GNDRE,-0.040147204,0.8007061251,0.2086357525,0.1848544128
25111,23,GNDVI,0.0381555224,0.8104071001,0.6118028913,0.00001671
25111,23,HA,-0.166449693,0.2920960828,0.0905184001,0.5686131615
25111,23,NDVI,-0.053317161,0.7373643957,0.7398432545,2.1665893E-8
25111,23,PlantCount,0.0706117888,0.6567809845,0.145615215,0.3575035176
25111,23,Thresh,0.0011647671,0.9941589443,0.7394430528,2.2250817E-8
25111,30,ExG,-0.006075534,0.9695393656,0.7500570325,1.0795684E-8
25111,30,ExR,0.0544572669,0.7319543097,-0.786753951,6.533022E-10
25111,30,GNDRE,-0.064201562,0.6862610085,0.7700425047,2.4972649E-9
25111,30,GNDVI,-0.051721169,0.7449587989,0.8237592088,2.084975E-11
25111,30,HA,0.0204908122,0.8975147463,-0.283866644,0.0684811829
25111,30,NDVI,-0.044682933,0.7787259295,0.8181270878,3.700386E-11
25111,30,PlantCount,0.03654127,0.8182903906,-0.304577099,0.0498566714
25111,30,Thresh,-0.045922284,0.7727487426,0.8047424959,1.341328E-10
25111,37,ExG,-0.077495402,0.6256874223,0.7984336066,2.379609E-10
25111,37,ExR,0.0919222005,0.5626068145,-0.890166329,3.095744E-15
25111,37,GNDRE,-0.015210394,0.9238341261,0.7646696561,3.7538647E-9
25111,37,GNDVI,-0.058221525,0.7141840608,0.8465255381,1.63826E-12
25111,37,HA,-0.131271635,0.4072979298,0.0365251757,0.8183690787
25111,37,NDVI,-0.074646852,0.6384808338,0.8651158675,1.482665E-13
25111,37,PlantCount,-0.090909491,0.5669368658,-0.279299312,0.0732487291
25111,37,Thresh,-0.110340203,0.4866577101,0.8851899178,7.162245E-15
25111,42,ExG,-0.091048175,0.56634299,0.887548868,4.836145E-15
25111,42,ExR,0.1012681242,0.5233889292,-0.968324971,1.018044E-25
25111,42,GNDRE,0.1012681242,0.5233889292,-0.968324971,1.018044E-25
25111,42,GNDVI,-0.026686316,0.8667740218,0.9244856395,2.384727E-18
25111,42,HA,-0.03685781,0.8167431322,-0.206348975,0.1898243563
25111,42,NDVI,-0.051412843,0.746428723,0.967895781,1.327262E-25
25111,42,PlantCount,0.0194852627,0.9025192548,-0.462899331,0.0020229597
25111,42,Thresh,-0.100643205,0.5259684996,0.9987488483,1.148359E-53
25112,10,ExG,-0.180385112,0.5747875279,0.6248260153,0.0298354799
25112,10,ExR,-0.180385112,0.5747875279,0.6248260153,0.0298354799
25112,10,GNDRE,0.0778724567,0.8099018164,0.106399212,0.7420704788
25112,10,GNDVI,-0.451416405,0.1407309227,0.6021842149,0.0382684336
25112,10,HA,-0.356235021,0.2557213015,0.3553396738,0.2570035589
25112,10,NDVI,-0.670092563,0.0171101161,0.6712199211,0.0168558375
25112,10,PlantCount,-0.419510899,0.1745978733,0.4451694962,0.1469974824
25112,10,Thresh,-0.730658544,0.0069532127,0.8143747484,0.0012592853
25112,16,ExG,-0.472178142,0.1211539245,0.737567081,0.0061846561
25112,16,ExR,0.6129382795,0.0340756977,-0.66283719,0.0188144839
25112,16,GNDRE,-0.370446758,0.2358699318,0.3569685198,0.2546736204
25112,16,GNDVI,-0.552107104,0.0627069465,0.7128913103,0.0092585668
25112,16,HA,0.562585486,0.0568828138,-0.571921041,0.0520213503
25112,16,NDVI,-0.611929657,0.0344542625,0.6642144967,0.0184817798
25112,16,PlantCount,0.7060140232,0.010288677,-0.747764661,0.0051692078
25112,16,Thresh,-0.636638546,0.0260121744,0.8020035595,0.0017004873
25112,23,ExG,-0.527424906,0.0780319495,0.7174031976,0.0086258957
25112,23,ExR,0.5531939077,0.0620844534,-0.736186504,0.0063328662
25112,23,GNDRE,-0.163368617,0.6119276215,0.6368210393,0.0259560472
25112,23,GNDVI,-0.195655997,0.5422478356,0.7536401712,0.0046444667
25112,23,HA,-0.235600486,0.4610252102,0.6732935986,0.0163953762
25112,23,NDVI,-0.565678232,0.0552385841,0.8086220343,0.0014518309
25112,23,PlantCount,-0.06265415,0.846616235,0.5777487961,0.0491387346
25112,23,Thresh,-0.566064736,0.0550354645,0.7754394729,0.0030413357
25112,30,ExG,-0.701990948,0.0109294653,0.7918705689,0.0021429502
25112,30,ExR,0.7300490447,0.0070242998,-0.829699442,0.0008412205
25112,30,GNDRE,-0.240945797,0.4506132225,0.3867324352,0.2142845044
25112,30,GNDVI,-0.586281592,0.0451235124,0.7777139546,0.0029023891
25112,30,HA,0.0868888465,0.7883098484,-0.2062878,0.5200620729
25112,30,NDVI,-0.648555966,0.022527586,0.7965150084,0.001930415
25112,30,PlantCount,0.1227741383,0.7038511245,-0.148289406,0.6455591457
25112,30,Thresh,-0.717806183,0.0085710033,0.8386001432,0.0006534585
25112,37,ExG,-0.56095026,0.0577658165,0.828603714,0.0008669394
25112,37,ExR,0.6085070755,0.0357612937,-0.909050965,0.0000419997
25112,37,GNDRE,-0.405791983,0.190599041,0.8039226275,0.0016252655
25112,37,GNDVI,-0.452961976,0.1392075546,0.8531392745,0.0004182202
25112,37,HA,-0.116241386,0.7190286737,0.0728262137,0.8220405729
25112,37,NDVI,-0.515220023,0.0864794493,0.9022999355,0.000059383
25112,37,PlantCount,-0.134457992,0.6769548734,0.253200348,0.4271729426
25112,37,Thresh,-0.588119301,0.0442900943,0.9165943478,0.0000275981
25112,42,ExG,-0.611993876,0.0344300702,0.8716520366,0.0002202709
25112,42,ExR,0.6594038086,0.0196629206,-0.969981006,1.8254825E-7
25112,42,GNDRE,0.6594038086,0.0196629206,-0.969981006,1.8254825E-7
25112,42,GNDVI,-0.377948685,0.2257723202,0.8026174682,0.0016761396
25112,42,HA,0.0934402257,0.7727054507,0.3845175951,0.2171470997
25112,42,NDVI,-0.557987435,0.0593899553,0.9489091511,2.515483E-6
25112,42,PlantCount,-0.122279622,0.7049966462,0.5468589072,0.0657739327
25112,42,Thresh,-0.627470433,0.0289465372,1,0
25113,10,ExG,-0.352099179,0.352741447,0.6692703556,0.0486565249
25113,10,ExR,-0.352099179,0.352741447,0.6692703556,0.0486565249
25113,10,GNDRE,-0.111650416,0.7748972216,0.7216733219,0.0281660967
25113,10,GNDVI,-0.50479302,0.1657521021,0.8591524764,0.0030001345
25113,10,HA,-0.008892447,0.9818856499,0.6440387714,0.0612027112
25113,10,NDVI,-0.274507159,0.4747149855,0.7557727705,0.018489811
25113,10,PlantCount,0.1905605182,0.6233497251,0.550337887,0.12469729
25113,10,Thresh,-0.213392531,0.5814404131,0.7538711047,0.0189601957
25113,16,ExG,-0.356130273,0.3468668345,0.6893085211,0.0399650993
25113,16,ExR,0.2643456568,0.4918608373,-0.689003577,0.0400892018
25113,16,GNDRE,-0.50118046,0.1693014864,0.5237086031,0.1478716689
25113,16,GNDVI,-0.60658865,0.0832923582,0.822901544,0.006442355
25113,16,HA,0.4020564899,0.2834024534,-0.464114042,0.2082111804
25113,16,NDVI,-0.50878471,0.1618804158,0.8072529106,0.0085246684
25113,16,PlantCount,0.4575060988,0.2156231609,-0.652338206,0.0568737518
25113,16,Thresh,-0.434384096,0.2426815315,0.9063377629,0.0007547239
25113,23,ExG,-0.45403303,0.2195762065,0.8166515572,0.0072267559
25113,23,ExR,0.3708707283,0.3257969526,-0.869045745,0.0023486979
25113,23,GNDRE,-0.238706521,0.53621397,0.7502660271,0.0198735922
25113,23,GNDVI,-0.52134864,0.1500379631,0.8964922307,0.0010602512
25113,23,HA,-0.295805518,0.4396187119,0.3527341668,0.3518128852
25113,23,NDVI,-0.576629759,0.1040851913,0.8980558554,0.0010068315
25113,23,PlantCount,-0.214117798,0.5801259434,0.396398054,0.2908707437
25113,23,Thresh,-0.611251435,0.0803091887,0.8973486297,0.0010307551
25113,30,ExG,-0.562004734,0.1152746703,0.8196390738,0.0068441642
25113,30,ExR,0.5112713162,0.1594951996,-0.974732308,8.2375708E-6
25113,30,GNDRE,-0.208956342,0.5895036178,0.5482929988,0.1263944827
25113,30,GNDVI,-0.434123951,0.242995847,0.8672740884,0.0024573587
25113,30,HA,-0.107627027,0.7828494773,0.2161139189,0.5765137197
25113,30,NDVI,-0.415199648,0.2664448305,0.9205802173,0.0004298018
25113,30,PlantCount,0.1368943057,0.7254397343,0.1198493779,0.7587485056
25113,30,Thresh,-0.551120419,0.1240514238,0.9254939329,0.0003453997
25113,37,ExG,-0.504141602,0.1663889387,0.8147838968,0.0074731682
25113,37,ExR,0.3221657741,0.3978369146,-0.921454749,0.0004138258
25113,37,GNDRE,0.0998382075,0.798293131,0.3652374471,0.3337722652
25113,37,GNDVI,0.0097452717,0.9801486667,0.6348879668,0.0662103264
25113,37,HA,0.0674632665,0.8630851509,0.0822200915,0.8334433255
25113,37,NDVI,-0.104170956,0.7896943731,0.8129604511,0.0077191893
25113,37,PlantCount,-0.129449022,0.7399434255,0.2607737929,0.4979473846
25113,37,Thresh,-0.367604625,0.3304092879,0.9304363967,0.0002729798
25113,42,ExG,-0.647577022,0.0593326063,0.7755044327,0.0140594403
25113,42,ExR,0.4472336682,0.2274294109,-0.976435303,6.4634081E-6
25113,42,GNDRE,0.4472336682,0.2274294109,-0.976435303,6.4634081E-6
25113,42,GNDVI,0.0612915395,0.8755281269,0.5217121544,0.1497030831
25113,42,HA,-0.303368095,0.4274401793,0.8119496917,0.0078579002
25113,42,NDVI,-0.255435658,0.5071004379,0.9062895292,0.0007560484
25113,42,PlantCount,-0.694316883,0.0379622374,0.7924684708,0.0108716017
25113,42,Thresh,-0.551433597,0.1237935,1,0
25114,10,ExG,-0.358834451,0.3429529047,0.5619442573,0.1153223738
25114,10,ExR,-0.358834451,0.3429529047,0.5619442573,0.1153223738
25114,10,GNDRE,0.0382444234,0.9221840006,0.3797327658,0.3134451542
25114,10,GNDVI,-0.123216812,0.7521389541,0.5357455265,0.1371080444
25114,10,HA,-0.603040875,0.0856073609,0.6910147782,0.0392752821
25114,10,NDVI,-0.212034538,0.5839044946,0.6603933509,0.0528627928
25114,10,PlantCount,-0.429262688,0.2489095598,0.5998103337,0.087749496
25114,10,Thresh,-0.493159688,0.1773363183,0.9265677087,0.000328641
25114,16,ExG,-0.547740412,0.1268554563,0.6705248954,0.0480799428
25114,16,ExR,0.4013290465,0.2843569447,-0.593849456,0.0917879119
25114,16,GNDRE,-0.177661177,0.6474566873,0.6203537735,0.0746786498
25114,16,GNDVI,-0.230546237,0.5506435164,0.7003615143,0.0356329462
25114,16,HA,0.4463573146,0.2284525663,-0.605483728,0.0840091467
25114,16,NDVI,-0.280896633,0.4640647988,0.7281237145,0.0261277602
25114,16,PlantCount,0.6130575623,0.0791717121,-0.829016834,0.0057330051
25114,16,Thresh,-0.447465573,0.2271590772,0.9481820531,0.0000991136
25114,23,ExG,-0.533259641,0.1392918988,0.9079283803,0.0007119462
25114,23,ExR,0.3706655995,0.3260856836,-0.879396983,0.0017792546
25114,23,GNDRE,-0.059123576,0.8799047453,0.6752519562,0.045946731
25114,23,GNDVI,-0.268825539,0.4842706033,0.8571318381,0.0031469797
25114,23,HA,0.2264205239,0.5579939715,0.226054996,0.5586469609
25114,23,NDVI,-0.315367625,0.4084313374,0.8679804579,0.0024136281
25114,23,PlantCount,-0.088219029,0.8214431541,0.5711735917,0.1081791011
25114,23,Thresh,-0.333777378,0.380039594,0.8718342304,0.0021844652
25114,30,ExG,-0.47584172,0.19540995,0.8624833526,0.0027684825
25114,30,ExR,0.4702058396,0.2015052247,-0.866081746,0.002532411
25114,30,GNDRE,-0.309198521,0.4181552877,0.837520205,0.0048379395
25114,30,GNDVI,-0.313336555,0.41162131,0.8552648122,0.00328699
25114,30,HA,0.0900877637,0.8177113991,-0.304372236,0.4258345832
25114,30,NDVI,-0.395708985,0.2917870573,0.9000250775,0.0009422587
25114,30,PlantCount,-0.34528263,0.3627839226,0.3241291905,0.3948009409
25114,30,Thresh,-0.429162321,0.2490324602,0.9340909415,0.0002268206
25114,37,ExG,-0.52533391,0.1463904236,0.8702714201,0.0022754961
25114,37,ExR,0.5356985876,0.1371490922,-0.971115701,0.0000131097
25114,37,GNDRE,-0.279660719,0.4661168602,0.8246014448,0.0062395
25114,37,GNDVI,-0.329826042,0.3860532047,0.8913885719,0.001248326
25114,37,HA,0.7375343996,0.0233316349,-0.349106964,0.3571329915
25114,37,NDVI,-0.42746534,0.251115321,0.9481944382,0.0000990319
25114,37,PlantCount,0.5519976065,0.1233298069,-0.177902959,0.6470021346
25114,37,Thresh,-0.37466422,0.3204803726,0.9411981372,0.0001532191
25114,42,ExG,-0.676149171,0.0455488223,0.7912728813,0.0110784792
25114,42,ExR,0.7150947784,0.0303494365,-0.97153387,0.0000124625
25114,42,GNDRE,0.7150947784,0.0303494365,-0.97153387,0.0000124625
25114,42,GNDVI,-0.471061214,0.2005733911,0.9108235068,0.000638479
25114,42,HA,-0.320373415,0.4006177592,0.7168537379,0.0297552014
25114,42,NDVI,-0.625135096,0.0718224036,0.9785639184,4.6500758E-6
25114,42,PlantCount,-0.218137355,0.5728603975,0.6807306141,0.0435514559
25114,42,Thresh,-0.628122169,0.0700731582,1,0
