Experiment Name,BARCODE_128,BLOC,Org Name,Locn,Plot,Description1,SPACING,DENSITY,VARIETY,Treatment,Mason Plot #,qGIS plot number,Plot Range,Plot Column,100 Seed weight,Moisture,Plot Weight,Yield,Flowering Date,Maturity Date,HAsum,HAmean,HAmean2row,AdjustedYield2row,spatialcv,Weighted Adjustment(0.5),WeightedYield,AlgoYieldSiE,AlgoYieldSi,AlgoYieldN,AlgoYield,Comments,Check,Planter,Planting Date,Plot Area,Actual Plants per ha,Stand %,Total weight,Plot size,Pallet,BOX,Row Spacing,Density  (plants/a),Plot Length,Existing Barcode,Seed Mass,Dry Weight,Name 2,Plants Selected,Population,Population Selections,Seed #,Org Name 2,Male parent,Female parent,F2 reps
24101-n,17A4AB3390,1,,LODS,1,,"30""",100000,Nautica,68,101,1001,1,1,39,19.8,1772,2280,2024-07-24,2024-09-01,131707,0.866504822,0.998934225,2282.432561,,0.933252411,2443.068963,2280,,,,,0,1,,,,,,,,,,,,,,,,,,,,,,,
24101-n,1EB5B01FFF,1,,LODS,30,,"30""",150000,ETNA,81,102,1002,1,2,47,19.2,1967,2550,2024-07-17,2024-08-20,143320,0.942894737,0.998539531,2553.729642,,0.971447369,2624.949207,2550,,,,,0,30,,,,,,,,,,,,,,,,,,,,,,,
24101-n,114965A262,1,,LODS,31,,"30""",75000,Red Rover,55,103,1003,1,3,,,,.,2024-07-16,2024-08-21,149940,0.986440879,0.997815818,.,,,,,,,,,0,31,,,,,,,,,,,,,,,,,,,,,,,
24101-n,1F294A5502,1,,LODS,60,,"22""",150000,black bear,32,104,1004,1,4,,1,,.,2024-07-21,,,,,.,,,,,,,,,0,60,,,,,,,,,,,,,,,,,,,,,,,
24101-n,128FCE3EF1,1,,LODS,61,,"22""",75000,Nautica,8,105,1005,1,5,29,17.2,482,640,2024-07-22,2024-09-01,112896,0.81769437,0.911439114,702.1862348,,0.871370865,734.4748672,702.1862348,,,,,0,61,,,,,,,,,,,,,,,,,,,,,,,
24101-n,1BBE7A47FB,1,,LODS,90,,"22""",100000,Cayenne,18,106,1006,1,6,45,20.3,2006,2565,2024-07-22,,117763,0.902048085,0.979667283,2618.235849,,0.887375741,2890.545551,2565,,,,,0,90,,,,,,,,,,,,,,,,,,,,,,,
24101-n,151746B5A8,2,,LODS,91,,"22""",75000,Red Rover,10,107,1007,1,7,62,20,659,846,2024-07-17,2024-08-22,100665,0.768543342,0.99257885,852.3252336,,0.831134869,1017.885342,852.3252336,,,,,0,91,,,,,,,,,,,,,,,,,,,,,,,
24101-n,139FAB529C,2,,LODS,120,,"22""",150000,Nautica,38,108,1008,1,8,26,17.6,1773,2344,2024-07-23,2024-09-01,118323,0.926851026,0.992619926,2361.427509,,0.889222956,2636.009322,2344,,,,,0,120,,,,,,,,,,,,,,,,,,,,,,,
24101-n,109D664FB0,2,,LODS,121,,"22""",100000,black bear,17,109,1009,1,9,26,21.4,1941,2448,2024-07-23,2024-09-01,126236,0.898305085,0.94619666,2587.2,,0.915247268,2674.687033,2448,,,,,0,121,,,,,,,,,,,,,,,,,,,,,,,
24101-n,1CDBA3A339,2,,LODS,150,,"30""",100000,black bear,62,110,1010,1,10,26,19.4,2252,2913,2024-07-22,2024-08-31,150764,0.991868421,0.996210476,2924.080873,,0.995934211,2924.891995,2913,,,,,0,150,,,,,,,,,,,,,,,,,,,,,,,
24101-n,10E594A03A,2,,LODS,151,,"30""",75000,Redhawk,56,111,1011,1,11,47,19.8,307,395,2024-07-16,2024-08-20,136601,0.898684877,0.859663434,459.4821464,,0.949342439,416.07747,395,,,,,0,151,,,,,,,,,,,,,,,,,,,,,,,
24101-n,1B388374BB,2,,LODS,180,,"30""",150000,Ronnies red,87,112,1012,1,12,74,24.2,889,1081,2024-07-19,,151415,0.996170977,0.996671053,1084.610612,,0.998085489,1083.073557,1081,,,,,0,180,,,,,,,,,,,,,,,,,,,,,,,
24101-n,18663BCBFE,3,,LODS,181,,"22""",150000,Red Rover,40,113,1013,1,13,60,20.2,454,581,2024-07-17,2024-08-21,126862,0.984794275,0.994464945,584.2337662,,0.917306465,633.3761095,581,,,,,0,181,,,,,,,,,,,,,,,,,,,,,,,
24101-n,1A1BE75B42,3,,LODS,210,,"22""",75000,Nautica,8,114,1014,1,14,26,17.2,1454,1932,2024-07-22,2024-08-30,123784,0.954382826,0.987012987,1957.421053,,0.907178853,2129.679273,1932,,,,,0,210,,,,,,,,,,,,,,,,,,,,,,,
24101-n,164D3540D0,3,,LODS,211,,"22""",100000,CLERK,19,115,1015,1,15,68,20.6,626,798,2024-07-23,,125646,0.962566845,0.994434137,802.4664179,,0.913309211,873.745705,798,,,,,0,211,,,,,,,,,,,,,,,,,,,,,,,
24101-n,1AFDF9FCFC,3,,LODS,240,,"30""",100000,black bear,62,116,1016,1,16,59,17.5,1837,2432,2024-07-23,2024-08-30,149894,0.986157713,0.98875,2459.671302,,0.993078857,2448.949531,2432,,,,,0,240,,,,,,,,,,,,,,,,,,,,,,,
24101-n,1EFFB4BBF3,3,,LODS,241,,"30""",150000,Apex,76,117,1017,1,17,29,17.8,2002,2641,2024-07-18,2024-09-01,139791,0.919677632,0.984802432,2681.756173,,0.959838816,2751.503644,2641,,,,,0,241,,,,,,,,,,,,,,,,,,,,,,,
24101-n,1AEA6AB175,3,,LODS,270,,"30""",75000,Eclipse,50,118,1018,1,18,28,16.5,1392,1865,2024-07-25,2024-08-21,142536,0.937730673,0.8727878,2136.830969,,0.968865337,1924.932114,1865,,,,,0,270,,,,,,,,,,,,,,,,,,,,,,,
24101-n,1629533B8A,4,,LODS,271,,"22""",75000,Ronnies red,12,119,1019,1,19,76,18,201,.,2024-07-19,,118264,0.885026738,0.92962963,.,,0.889023757,296.9549442,.,,,,,0,271,,,,,,,,,,,,,,,,,,,,,,,
24101-n,179D7709CE,4,,LODS,300,,"22""",100000,T9905,28,120,1020,1,20,27,18.4,1182,1548,2024-07-22,2024-08-30,119975,0.924242424,0.975836431,1586.331429,,0.894659798,1730.266637,1548,,,,,0,300,,,,,,,,,,,,,,,,,,,,,,,
24101-n,19CD413B6F,4,,LODS,301,,"22""",150000,Nautica,38,121,1021,1,21,26,18,949,1249,2024-07-22,2024-08-26,119654,0.928443649,0.975925926,1279.810247,,0.893596095,1397.723207,1249,,,,,0,301,,,,,,,,,,,,,,,,,,,,,,,
24101-n,1.08E+65,4,,LODS,330,,"30""",150000,black bear,77,122,1022,1,22,,,,.,2024-07-21,2024-08-28,151128,0.994263158,0.996539383,.,,,,,,,,,0,330,,,,,,,,,,,,,,,,,,,,,,,
24101-n,18D12A1076,4,,LODS,331,,"30""",100000,Redhawk,71,123,1023,1,23,51,20,69,.,2024-07-17,2024-08-21,100546,0.661486842,0.640460526,.,,0.830743421,107.132958,.,,,,,0,331,,,,,,,,,,,,,,,,,,,,,,,
24101-n,1EB3699B63,4,,LODS,360,,"30""",75000,Ronnies red,57,124,1024,1,24,,,,.,2024-07-26,,129602,0.863431956,0.856936093,.,,,,,,,,,0,360,,,,,,,,,,,,,,,,,,,,,,,
24101-n,17DD20C9A0,1,,LODS,2,,"30""",100000,CLERK,64,201,2001,2,1,67,23.8,635,776,2024-07-23,2024-09-01,151510,0.996782874,0.999986842,776.0102109,,0.998391437,777.250256,776,,,,,0,2,,,,,,,,,,,,,,,,,,,,,,,
24101-n,167E0CFA3F,1,,LODS,29,,"30""",150000,Cayenne,78,202,2002,2,2,,,,.,2024-07-20,2024-08-30,149240,0.981842105,0.996289523,.,,,,,,,,,0,29,,,,,,,,,,,,,,,,,,,,,,,
24101-n,13EFA08461,1,,LODS,32,,"30""",75000,T9905,58,203,2003,2,3,38,21,1637,2075,2024-07-24,2024-08-30,147503,0.970408089,0.986118421,2104.209754,,0.985204045,2106.162689,2075,,,,,0,32,,,,,,,,,,,,,,,,,,,,,,,
24101-n,184AA18C55,1,,LODS,59,,"22""",150000,ETNA,36,204,2004,2,4,47,19.3,190,.,2024-07-17,2024-08-22,86819,0.559216385,0.367837338,.,,0.785588816,313.1409142,.,,,,,0,59,,,,,,,,,,,,,,,,,,,,,,,
24101-n,108817FC5A,1,,LODS,62,,"22""",75000,Merlot,7,205,2005,2,5,40,20.6,929,1184,2024-07-23,2024-09-01,100329,0.687220733,0.760667904,1556.526829,,0.830031777,1426.451412,1556.526829,,,,,0,62,,,,,,,,,,,,,,,,,,,,,,,
24101-n,17F17445E8,1,,LODS,89,,"22""",100000,Windbreaker,29,206,2006,2,6,47,21,1359,1723,2024-07-21,2024-08-24,125734,0.942067736,0.981481481,1755.509434,,0.913598684,1885.948426,1723,,,,,0,89,,,,,,,,,,,,,,,,,,,,,,,
24101-n,1584ADAD28,2,,LODS,92,,"22""",75000,Zorro,15,207,2007,2,7,26,20.5,1573,2007,2024-07-25,2024-08-31,101188,0.740608229,0.842007435,2383.589404,,0.832853074,2409.78879,2383.589404,,,,,0,92,,,,,,,,,,,,,,,,,,,,,,,
24101-n,14967C7782,2,,LODS,119,,"22""",150000,Merlot,37,208,2008,2,8,45,18.6,1280,1672,2024-07-24,2024-08-30,98089,0.690795353,0.81598513,2049.056948,,0.822659062,2032.4337,2049.056948,,,,,0,119,,,,,,,,,,,,,,,,,,,,,,,
24101-n,1BBE1B7C42,2,,LODS,122,,"22""",100000,Merlot,22,209,2009,2,9,61,18.6,1334,1742,2024-07-21,2024-08-30,121060,0.88057041,0.927911275,1877.334661,,0.898231544,1939.366316,1742,,,,,0,122,,,,,,,,,,,,,,,,,,,,,,,
24101-n,1005824E2F,2,,LODS,149,,"30""",100000,Red Rover,70,210,2010,2,10,55,20.3,674,862,2024-07-18,2024-08-21,151953,0.999677636,0.999986842,862.0113423,,0.999838818,862.1389613,862,,,,,0,149,,,,,,,,,,,,,,,,,,,,,,,
24101-n,1C72DABC5F,2,,LODS,152,,"30""",75000,ETNA,51,211,2011,2,11,63,21.5,537,676,2024-07-16,2024-08-21,143412,0.9435,0.979342105,690.259304,,0.97175,695.6521739,676,,,,,0,152,,,,,,,,,,,,,,,,,,,,,,,
24101-n,158627AD2E,2,,LODS,179,,"30""",150000,Eclipse,80,212,2012,2,12,43,17.2,1946,2586,2024-07-20,2024-08-26,151987,0.999914474,1,2586,,0.999957237,2586.11059,2586,,,,,0,179,,,,,,,,,,,,,,,,,,,,,,,
24101-n,108190DD84,3,,LODS,182,,"22""",150000,Zorro,45,213,2013,2,13,40,19.1,1515,1967,2024-07-20,2024-08-29,122395,0.850626118,0.996282528,1974.339552,,0.902620429,2179.210593,1967,,,,,0,182,,,,,,,,,,,,,,,,,,,,,,,
24101-n,174D419533,3,,LODS,209,,"22""",75000,Ronnies red,12,214,2014,2,14,76,20,567,728,2024-07-23,,122427,0.8375,0.877777778,829.3670886,,0.902717746,806.453627,829.3670886,,,,,0,209,,,,,,,,,,,,,,,,,,,,,,,
24101-n,1BE74AADB7,3,,LODS,212,,"22""",100000,Nautica,23,215,2015,2,15,25,20.3,1627,2081,2024-07-23,2024-08-30,107334,0.788958148,0.966728281,2152.621415,,0.853067723,2439.431177,2152.621415,,,,,0,212,,,,,,,,,,,,,,,,,,,,,,,
24101-n,1C1CAA7A5F,3,,LODS,239,,"30""",100000,Redhawk,71,216,2016,2,16,56,19.3,361,467,2024-07-16,2024-08-26,147100,0.967782259,0.998315834,467.7878325,,0.98389113,474.6460111,467,,,,,0,239,,,,,,,,,,,,,,,,,,,,,,,
24101-n,1597C0C6D6,3,,LODS,242,,"30""",150000,Red Dawn,84,217,2017,2,17,63,20.3,364,466,2024-07-16,2024-08-20,151930,0.999532898,1,466,,0.999766449,466.1088602,466,,,,,0,242,,,,,,,,,,,,,,,,,,,,,,,
24101-n,1CB9FA324A,3,,LODS,269,,"30""",75000,CLERK,49,218,2018,2,18,71,21.9,720,902,2024-07-21,2024-09-02,142915,0.940224077,0.918919986,981.5870957,,0.970112039,929.7895132,902,,,,,0,269,,,,,,,,,,,,,,,,,,,,,,,
24101-n,1836349E2A,4,,LODS,272,,"22""",75000,CLERK,4,219,2019,2,19,70,20.7,639,813,2024-07-20,,124607,0.897413024,0.964814815,842.6487524,,0.909888751,893.5158277,813,,,,,0,272,,,,,,,,,,,,,,,,,,,,,,,
24101-n,1EFD657BCD,4,,LODS,299,,"22""",100000,Merlot,22,220,2020,2,20,44,18.2,873,1146,2024-07-24,2024-08-27,119679,0.847729297,0.883548983,1297.041841,,0.893686101,1282.329443,1297.041841,,,,,0,299,,,,,,,,,,,,,,,,,,,,,,,
24101-n,1846B14E28,4,,LODS,302,,"22""",150000,Ronnies red,42,221,2021,2,21,69,20,252,.,2024-07-25,2024-09-02,127166,0.939177102,0.996282528,.,,0.918311963,351.7323232,.,,,,,0,302,,,,,,,,,,,,,,,,,,,,,,,
24101-n,171E125DCE,4,,LODS,329,,"30""",150000,T9905,88,222,2022,2,22,28,19.2,602,781,2024-07-22,2024-08-30,149940,0.986440879,0.998210503,782.4001028,,0.99322044,786.3309784,781,,,,,0,329,,,,,,,,,,,,,,,,,,,,,,,
24101-n,1B2DDA698C,4,,LODS,332,,"30""",100000,Ronnies red,72,223,2023,2,23,,,,.,2024-07-25,2024-08-31,149719,0.984993421,0.983736842,.,,,,,,,,,0,332,,,,,,,,,,,,,,,,,,,,,,,
24101-n,1DE0FDE558,4,,LODS,359,,"30""",75000,Eclipse,50,224,2024,2,24,0,21.4,224,.,2024-07-28,2024-08-22,151780,0.998559201,0.998078922,.,,0.999279601,283.20402,.,,,,,0,359,,,,,,,,,,,,,,,,,,,,,,,
24101-n,1143BB41EA,1,,LODS,3,,"30""",100000,Windbreaker,74,301,3001,3,1,42,21.2,1586,2005,2024-07-21,2024-08-23,151855,0.99903948,0.999749997,2005.501382,,0.99951974,2005.963384,2005,,,,,0,3,,,,,,,,,,,,,,,,,,,,,,,
24101-n,1FA7816CE1,1,,LODS,28,,"30""",150000,Zorro,90,302,3002,3,2,25,19.4,2071,2678,2024-07-22,2024-08-26,148840,0.979210526,0.997605358,2684.428245,,0.989605263,2706.129504,2678,,,,,0,28,,,,,,,,,,,,,,,,,,,,,,,
24101-n,15158A5F69,1,,LODS,33,,"30""",75000,black bear,47,303,3003,3,3,26,21.7,1836,2307,2024-07-23,2024-08-31,134790,0.88678215,0.941461297,2450.445927,,0.943391075,2445.433353,2307,,,,,0,33,,,,,,,,,,,,,,,,,,,,,,,
24101-n,1BEEB999A1,1,,LODS,58,,"22""",150000,Apex,31,304,3004,3,4,28,20.5,1623,2070,2024-07-22,2024-09-01,124963,0.919786096,0.987060998,2097.134831,,0.911059796,2272.079188,2070,,,,,0,58,,,,,,,,,,,,,,,,,,,,,,,
24101-n,1C2A16BA08,1,,LODS,63,,"22""",75000,Apex,1,305,3005,3,5,28,22.8,1518,1880,2024-07-24,,123989,0.966934763,0.964814815,1948.560461,,0.907858553,2070.80717,1880,,,,,0,63,,,,,,,,,,,,,,,,,,,,,,,
24101-n,1F019EB283,1,,LODS,88,,"22""",100000,Zorro,30,306,3006,3,6,25,20.8,1322,1680,2024-07-22,2024-08-26,115942,0.913470116,0.94795539,1772.235294,,0.881393176,1906.0733,1680,,,,,0,88,,,,,,,,,,,,,,,,,,,,,,,
24101-n,1275B49A02,2,,LODS,93,,"22""",75000,ETNA,6,307,3007,3,7,59,18.9,678,882,2024-07-19,2024-08-23,109193,0.810714286,0.974074074,905.4752852,,0.8591875,1026.551248,905.4752852,,,,,0,93,,,,,,,,,,,,,,,,,,,,,,,
24101-n,1575F9896E,2,,LODS,118,,"22""",150000,Ronnies red,42,308,3008,3,8,76,21.8,790,991,2024-07-23,2024-09-02,113688,0.85841496,1,991,,0.873968764,1133.907802,991,,,,,0,118,,,,,,,,,,,,,,,,,,,,,,,
24101-n,19789DB30C,2,,LODS,123,,"22""",100000,CLERK,19,309,3009,3,9,67,20,696,893,2024-07-23,2024-09-02,128183,0.978533095,0.992592593,899.6641791,,0.921651831,968.912522,893,,,,,0,123,,,,,,,,,,,,,,,,,,,,,,,
24101-n,1697EBC230,2,,LODS,148,,"30""",100000,T9905,73,310,3010,3,10,26,20.3,1889,2416,2024-07-22,2024-08-30,148816,0.979071955,0.976999395,2472.877684,,0.989535978,2441.548418,2416,,,,,0,148,,,,,,,,,,,,,,,,,,,,,,,
24101-n,1FCFC7D6A5,2,,LODS,153,,"30""",75000,Nautica,53,311,3011,3,11,24,19.9,1686,2167,2024-07-24,2024-08-30,146210,0.961901566,0.906327715,2390.967378,,0.980950783,2209.081268,2167,,,,,0,153,,,,,,,,,,,,,,,,,,,,,,,
24101-n,1335921DEC,2,,LODS,178,,"30""",150000,Windbreaker,89,312,3012,3,12,42,19.2,1618,2098,2024-07-19,2024-08-22,150232,0.988368421,0.999,2100.1001,,0.994184211,2110.272903,2098,,,,,0,178,,,,,,,,,,,,,,,,,,,,,,,
24101-n,1C8C2E820A,3,,LODS,183,,"22""",150000,Apex,31,313,3013,3,13,28,20,2126,2729,2024-07-21,2024-09-01,125482,0.895628903,1,2729,,0.912764306,2989.818931,2729,,,,,0,183,,,,,,,,,,,,,,,,,,,,,,,
24101-n,1F4E4C5AF3,3,,LODS,208,,"22""",75000,Windbreaker,14,314,3014,3,14,45,18.4,925,1211,2024-07-20,2024-08-21,115221,0.799821269,0.910946197,1329.386965,,0.879021435,1377.668339,1329.386965,,,,,0,208,,,,,,,,,,,,,,,,,,,,,,,
24101-n,1BFEDDC748,3,,LODS,213,,"22""",100000,Red Rover,25,315,3015,3,15,62,20.9,647,821,2024-07-18,2024-08-24,130185,0.955396967,0.996296296,824.0520446,,0.928240132,884.4694084,821,,,,,0,213,,,,,,,,,,,,,,,,,,,,,,,
24101-n,15E9CC80F0,3,,LODS,238,,"30""",100000,Cayenne,63,316,3016,3,16,56,17.9,1310,1726,2024-07-26,2024-08-30,142226,0.935691213,0.973630885,1772.745736,,0.967845607,1783.34229,1726,,,,,0,238,,,,,,,,,,,,,,,,,,,,,,,
24101-n,1EF1E40699,3,,LODS,243,,"30""",150000,Nautica,83,317,3017,3,17,23,15.9,766,1034,2024-07-26,2024-08-31,149280,0.982105263,0.982736842,1052.163668,,0.991052632,1043.335104,1034,,,,,0,243,,,,,,,,,,,,,,,,,,,,,,,
24101-n,159D531A2B,3,,LODS,268,,"30""",75000,Apex,46,318,3018,3,18,28,20.5,1838,2345,2024-07-23,2024-09-02,140291,0.922973177,0.988986842,2371.113447,,0.961486589,2438.931575,2345,,,,,0,268,,,,,,,,,,,,,,,,,,,,,,,
24101-n,15F1103A97,4,,LODS,273,,"22""",75000,black bear,2,319,3019,3,19,43,17.1,1417,1885,2024-07-24,2024-09-01,114733,0.81233244,0.81598513,2310.091116,,0.877411184,2148.365595,2310.091116,,,,,0,273,,,,,,,,,,,,,,,,,,,,,,,
24101-n,16E3AA9234,4,,LODS,298,,"22""",100000,ETNA,21,320,3020,3,20,53,18.7,387,.,2024-07-20,2024-08-20,118764,0.918894831,0.981412639,.,,0.890668483,566.989862,.,,,,,0,298,,,,,,,,,,,,,,,,,,,,,,,
24101-n,165D4DC392,4,,LODS,303,,"22""",150000,Eclipse,35,321,3021,3,21,44,17.3,1162,1542,2024-07-23,2024-08-23,128625,0.958855098,1,1542,,0.92311412,1670.432687,1542,,,,,0,303,,,,,,,,,,,,,,,,,,,,,,,
24101-n,1ED9D8003A,4,,LODS,328,,"30""",150000,Red Rover,85,322,3022,3,22,,,,.,2024-07-19,2024-08-23,151518,0.996822389,0.995947315,.,,,,,,,,,0,328,,,,,,,,,,,,,,,,,,,,,,,
24101-n,15B3A956D5,4,,LODS,333,,"30""",100000,Merlot,67,323,3023,3,23,44,19.9,507,652,2024-07-25,2024-08-28,135319,0.890250722,0.911302632,715.4593627,,0.945125361,689.8555757,652,,,,,0,333,,,,,,,,,,,,,,,,,,,,,,,
24101-n,1AC1A4B836,4,,LODS,358,,"30""",75000,Red Rover,55,324,3024,3,24,,,,.,2024-07-19,2024-08-19,149865,0.985947461,0.995486783,.,,,,,,,,,0,358,,,,,,,,,,,,,,,,,,,,,,,
24101-n,197BBB7845,1,,LODS,4,,"30""",100000,Zorro,75,401,4001,4,1,27,21.5,1519,1913,2024-07-21,2024-08-24,144210,0.948756242,0.98372347,1944.65219,,0.974378121,1963.303525,1913,,,,,0,4,,,,,,,,,,,,,,,,,,,,,,,
24101-n,1CFB818B13,1,,LODS,27,,"30""",150000,Merlot,82,402,4002,4,2,38,19.7,1394,1796,2024-07-20,2024-08-26,144312,0.949414806,0.996052632,1803.117569,,0.974707403,1842.604247,1796,,,,,0,27,,,,,,,,,,,,,,,,,,,,,,,
24101-n,1D59F1C964,1,,LODS,34,,"30""",75000,Zorro,60,403,4003,4,3,28,19.6,1320,1703,2024-07-23,2024-08-26,126330,0.831112953,0.874093762,1948.303574,,0.915556477,1860.070945,1948.303574,,,,,0,34,,,,,,,,,,,,,,,,,,,,,,,
24101-n,10DF836229,1,,LODS,57,,"22""",150000,Merlot,37,404,4004,4,4,40,19.9,1582,2033,2024-07-22,2024-08-30,115707,0.815508021,0.972170686,2091.196565,,0.880617636,2308.606957,2091.196565,,,,,0,57,,,,,,,,,,,,,,,,,,,,,,,
24101-n,1B00FCE504,1,,LODS,64,,"22""",75000,black bear,2,405,4005,4,5,28,23.3,1636,2013,2024-07-24,2024-09-01,119853,0.901610018,0.946296296,2127.240705,,0.894248102,2251.053142,2013,,,,,0,64,,,,,,,,,,,,,,,,,,,,,,,
24101-n,1080B6E78B,1,,LODS,87,,"22""",100000,Eclipse,20,406,4006,4,6,25,19.1,1911,2481,2024-07-24,2024-08-28,124151,0.980392157,0.987037037,2513.58349,,0.908391448,2731.201408,2481,,,,,0,87,,,,,,,,,,,,,,,,,,,,,,,
24101-n,176A73EB1D,2,,LODS,94,,"22""",75000,Apex,1,407,4007,4,7,28,20.3,1673,2140,2024-07-24,2024-09-02,108157,0.762287757,0.912801484,2344.430894,,0.855777265,2500.650682,2344.430894,,,,,0,94,,,,,,,,,,,,,,,,,,,,,,,
24101-n,1BD33F1538,2,,LODS,117,,"22""",150000,Red Dawn,39,408,4008,4,8,62,21.3,587,741,2024-07-17,2024-08-20,115137,0.84252669,1,741,,0.878745115,843.2479309,741,,,,,0,117,,,,,,,,,,,,,,,,,,,,,,,
24101-n,1A8EC4F4D0,2,,LODS,124,,"22""",100000,Ronnies red,27,409,4009,4,9,217,20.6,775,987,2024-07-21,2024-09-02,124914,0.934821429,0.990740741,996.2242991,,0.910901316,1083.542183,987,,,,,0,124,,,,,,,,,,,,,,,,,,,,,,,
24101-n,1CA2619B26,2,,LODS,147,,"30""",100000,Apex,61,410,4010,4,10,26,18.9,1952,2540,2024-07-24,2024-08-31,151355,0.995743477,0.996105314,2549.93118,,0.997871739,2545.417314,2540,,,,,0,147,,,,,,,,,,,,,,,,,,,,,,,
24101-n,142716F39E,2,,LODS,154,,"30""",75000,Red Rover,55,411,4011,4,11,56,21,680,862,2024-07-19,2024-08-22,150293,0.988776242,0.987276316,873.1091653,,0.994388121,866.86474,862,,,,,0,154,,,,,,,,,,,,,,,,,,,,,,,
24101-n,1C6889CD4C,2,,LODS,177,,"30""",150000,CLERK,79,412,4012,4,12,68,20.8,1144,1454,2024-07-22,2024-09-02,151957,0.999723682,0.999065802,1455.359594,,0.999861841,1454.200911,1454,,,,,0,177,,,,,,,,,,,,,,,,,,,,,,,
24101-n,1493D14504,3,,LODS,184,,"22""",150000,Merlot,37,413,4013,4,13,41,20.2,1541,1973,2024-07-24,2024-09-01,102344,0.646428571,0.824074074,2394.202247,,0.83665568,2358.198297,2394.202247,,,,,0,184,,,,,,,,,,,,,,,,,,,,,,,
24101-n,1A17AC8B9C,3,,LODS,207,,"22""",75000,Red Rover,10,414,4014,4,14,77,20.7,541,688,2024-07-16,2024-08-26,112984,0.737924866,0.637037037,1080,,0.87165545,789.3027003,1080,,,,,0,207,,,,,,,,,,,,,,,,,,,,,,,
24101-n,161107F3EE,3,,LODS,214,,"22""",100000,Red Dawn,24,415,4015,4,15,63,19.1,488,633,2024-07-16,2024-08-19,127409,0.951024043,0.988888889,640.1123596,,0.919114068,688.7066822,633,,,,,0,214,,,,,,,,,,,,,,,,,,,,,,,
24101-n,1F98C2ABF6,3,,LODS,237,,"30""",100000,Apex,61,416,4016,4,16,30,19.4,1969,2547,2024-07-26,2024-09-01,147168,0.968210526,0.998118421,2551.801416,,0.984105263,2588.137769,2547,,,,,0,237,,,,,,,,,,,,,,,,,,,,,,,
24101-n,1FC9C898A6,3,,LODS,244,,"30""",150000,Windbreaker,89,417,4017,4,17,41,19.6,1767,2280,2024-07-21,2024-08-21,144048,0.947677976,0.978053209,2331.161514,,0.973838988,2341.249455,2280,,,,,0,244,,,,,,,,,,,,,,,,,,,,,,,
24101-n,18B0FF5910,3,,LODS,267,,"30""",75000,Red Dawn,54,418,4018,4,18,61,20.3,636,813,2024-07-19,2024-08-19,148587,0.97753319,0.992395137,819.2301328,,0.988766595,822.2365158,813,,,,,0,267,,,,,,,,,,,,,,,,,,,,,,,
24101-n,119160E3DE,4,,LODS,274,,"22""",75000,Nautica,8,419,4019,4,19,41,18.4,1685,2206,2024-07-25,2024-08-30,117431,0.845397676,0.937037037,2354.229249,,0.886293809,2489.016598,2354.229249,,,,,0,274,,,,,,,,,,,,,,,,,,,,,,,
24101-n,1716A0EA9B,4,,LODS,297,,"22""",100000,Redhawk,26,420,4020,4,20,48,20,305,.,2024-07-18,2024-08-20,125273,0.980392157,1,.,,0.912079526,429.7870842,.,,,,,0,297,,,,,,,,,,,,,,,,,,,,,,,
24101-n,19B22E8E3A,4,,LODS,304,,"22""",150000,black bear,32,421,4021,4,21,40,17.3,1875,2488,2024-07-23,2024-08-29,127438,0.969615728,1,2488,,0.919203948,2706.689856,2488,,,,,0,304,,,,,,,,,,,,,,,,,,,,,,,
24101-n,19E2CC8138,4,,LODS,327,,"30""",150000,Merlot,82,422,4022,4,22,44,18.3,1108,1453,2024-07-20,2024-08-30,128282,0.843954974,0.856857147,1695.731903,,0.921977487,1575.96039,1695.731903,,,,,0,327,,,,,,,,,,,,,,,,,,,,,,,
24101-n,1EF86E95D8,4,,LODS,334,,"30""",100000,Eclipse,65,423,4023,4,23,,,,.,2024-07-20,2024-08-26,113124,0.744241738,0.998092105,.,,,,,,,,,0,334,,,,,,,,,,,,,,,,,,,,,,,
24101-n,19A34A75F4,4,,LODS,357,,"30""",75000,CLERK,49,424,4024,4,24,,,,.,2024-07-21,2024-08-30,151574,0.997197368,0.996684167,.,,,,,,,,,0,357,,,,,,,,,,,,,,,,,,,,,,,
24101-n,1A09581714,1,,LODS,5,,"30""",100000,Eclipse,65,501,5001,5,1,26,19.4,1534,1984,2024-07-23,2024-08-26,151698,0.998013158,0.999986842,1984.026106,,0.999006579,1985.972907,1984,,,,,0,5,,,,,,,,,,,,,,,,,,,,,,,
24101-n,1BF894EAAD,1,,LODS,26,,"30""",150000,Nautica,83,502,5002,5,2,48,18.9,1705,2219,2024-07-22,2024-08-28,149375,0.982723798,0.997486842,2224.590748,,0.991361899,2238.334963,2219,,,,,0,26,,,,,,,,,,,,,,,,,,,,,,,
24101-n,142BD536E6,1,,LODS,35,,"30""",75000,Ronnies red,57,503,5003,5,3,70,22,693,867,2024-07-22,,144507,0.950691438,0.994513086,871.7834008,,0.975345719,888.9155744,867,,,,,0,35,,,,,,,,,,,,,,,,,,,,,,,
24101-n,178A7FCC1B,1,,LODS,56,,"22""",150000,Ronnies red,42,504,5004,5,4,70,19.6,766,988,2024-07-21,2024-09-02,125912,0.889186774,0.992592593,995.3731343,,0.914181486,1080.748206,988,,,,,0,56,,,,,,,,,,,,,,,,,,,,,,,
24101-n,12BC26828A,1,,LODS,65,,"22""",75000,ETNA,6,505,5005,5,5,72,18.9,740,963,2024-07-17,2024-08-20,118856,0.878354204,0.970425139,992.3485714,,0.890971112,1080.843124,963,,,,,0,65,,,,,,,,,,,,,,,,,,,,,,,
24101-n,1C4B0E1D45,1,,LODS,86,,"22""",100000,Merlot,22,506,5006,5,6,47,20.5,955,1218,2024-07-24,,94032,0.656529517,0.764814815,1592.542373,,0.80931579,1504.974963,1592.542373,,,,,0,86,,,,,,,,,,,,,,,,,,,,,,,
24101-n,1F0AE1958B,2,,LODS,95,,"22""",75000,Red Dawn,9,507,5007,5,7,65,19.9,378,486,2024-07-15,2024-08-18,115916,0.78342246,0.962962963,504.6923077,,0.88130514,551.4548571,504.6923077,,,,,0,95,,,,,,,,,,,,,,,,,,,,,,,
24101-n,1B69F7C04C,2,,LODS,116,,"22""",150000,CLERK,34,508,5008,5,8,70,22.8,873,1081,2024-07-25,,110257,0.857908847,1,1081,,0.8626875,1253.060929,1081,,,,,0,116,,,,,,,,,,,,,,,,,,,,,,,
24101-n,15EEF1DD70,2,,LODS,125,,"22""",100000,Redhawk,26,509,5009,5,9,60,20.8,672,854,2024-07-19,2024-08-19,130871,0.925760286,0.998141264,855.5903166,,0.930493879,917.7921744,854,,,,,0,125,,,,,,,,,,,,,,,,,,,,,,,
24101-n,1938526BD4,2,,LODS,146,,"30""",100000,Red Dawn,69,510,5010,5,10,62,20.5,538,686,2024-07-16,2024-08-19,151811,0.998750008,0.999894738,686.0722172,,0.999375004,686.4290154,686,,,,,0,146,,,,,,,,,,,,,,,,,,,,,,,
24101-n,152CB970AB,2,,LODS,155,,"30""",75000,black bear,47,511,5011,5,11,37,19.7,1726,2224,2024-07-23,2024-09-01,151265,0.995184115,0.991894524,2242.173888,,0.997592058,2229.36819,2224,,,,,0,155,,,,,,,,,,,,,,,,,,,,,,,
24101-n,103F624B8D,2,,LODS,176,,"30""",150000,Redhawk,86,512,5012,5,12,58,20,867,1113,2024-07-18,2024-08-21,148921,0.979743421,0.990368294,1123.824345,,0.989871711,1124.388128,1113,,,,,0,176,,,,,,,,,,,,,,,,,,,,,,,
24101-n,1319C119F5,3,,LODS,185,,"22""",150000,Red Dawn,39,513,5013,5,13,62,18.1,441,580,2024-07-17,2024-08-20,126287,0.96969697,1,580,,0.915412297,633.5942852,580,,,,,0,185,,,,,,,,,,,,,,,,,,,,,,,
24101-n,131B9648B9,3,,LODS,206,,"22""",75000,Redhawk,11,514,5014,5,14,60,19,482,626,2024-07-15,2024-08-21,89469,0.693131133,0.856877323,730.5596529,,0.794305921,788.1094468,730.5596529,,,,,0,206,,,,,,,,,,,,,,,,,,,,,,,
24101-n,1758056A3A,3,,LODS,215,,"22""",100000,Zorro,30,515,5015,5,15,26,19,1395,1813,2024-07-24,2024-08-30,111164,0.845397676,0.88909427,2039.153846,,0.865675864,2094.317371,2039.153846,,,,,0,215,,,,,,,,,,,,,,,,,,,,,,,
24101-n,14812201FE,3,,LODS,236,,"30""",100000,Nautica,68,516,5016,5,16,,,,.,2024-07-24,2024-08-30,140570,0.924802632,0.98498704,.,,,,,,,,,0,236,,,,,,,,,,,,,,,,,,,,,,,
24101-n,1B5F6CAFAA,3,,LODS,245,,"30""",150000,Eclipse,80,517,5017,5,17,48,17.9,1973,2599,2024-07-21,2024-08-23,151532,0.996907935,0.999763161,2599.61569,,0.998453968,2603.02436,2599,,,,,0,245,,,,,,,,,,,,,,,,,,,,,,,
24101-n,172F6E3B6E,3,,LODS,266,,"30""",75000,Zorro,60,518,5018,5,18,27,18.6,1694,2213,2024-07-21,2024-08-26,127655,0.839841052,0.939198168,2356.265242,,0.919920526,2405.642594,2356.265242,,,,,0,266,,,,,,,,,,,,,,,,,,,,,,,
24101-n,1FD697FBFD,4,,LODS,275,,"22""",75000,ETNA,6,519,5019,5,19,59,18.8,592,771,2024-07-18,2024-08-20,119543,0.901785714,0.948051948,813.2465753,,0.89323614,863.1536118,771,,,,,0,275,,,,,,,,,,,,,,,,,,,,,,,
24101-n,10367737DA,4,,LODS,296,,"22""",100000,black bear,17,520,5020,5,20,26,18,1756,2311,2024-07-25,2024-08-31,125535,0.936436885,0.957249071,2414.209709,,0.912941362,2531.378352,2311,,,,,0,296,,,,,,,,,,,,,,,,,,,,,,,
24101-n,1B4AF1198F,4,,LODS,305,,"22""",150000,Merlot,37,521,5021,5,21,40,18.4,1332,1744,2024-07-26,2024-08-31,123300,0.848619768,0.916666667,1902.545455,,0.905589437,1925.817516,1902.545455,,,,,0,305,,,,,,,,,,,,,,,,,,,,,,,
24101-n,197D5DC9C4,4,,LODS,326,,"30""",150000,Zorro,90,522,5022,5,22,24,19.3,1872,2424,2024-07-25,2024-08-24,146106,0.961236332,0.988223684,2452.88596,,0.980618166,2471.910152,2424,,,,,0,326,,,,,,,,,,,,,,,,,,,,,,,
24101-n,1BF4944431,4,,LODS,335,,"30""",100000,Apex,61,523,5023,5,23,31,24.1,1489,1813,2024-07-24,,151202,0.99475,0.993249911,1825.321079,,0.997375,1817.771651,1813,,,,,0,335,,,,,,,,,,,,,,,,,,,,,,,
24101-n,1E5355C25E,4,,LODS,356,,"30""",75000,Red Dawn,54,524,5024,5,24,58.4,20,57,.,2024-07-20,2024-08-19,150103,0.98751324,0.999421053,.,,0.99375662,73.45863014,.,,,,,0,356,,,,,,,,,,,,,,,,,,,,,,,
24101-n,178E433348,1,,LODS,6,,"30""",100000,Apex,61,601,6001,6,1,52,25.6,1417,1692,2024-07-20,2024-09-01,129965,0.855021644,0.757661083,2233.188476,,0.927510822,1824.237475,1692,,,,,0,6,,,,,,,,,,,,,,,,,,,,,,,
24101-n,1ED16701A9,1,,LODS,25,,"30""",150000,Eclipse,80,602,6002,6,2,27,19.4,2351,3041,2024-07-20,2024-08-27,151962,0.999763155,0.999986842,3041.040014,,0.999881578,3041.360165,3041,,,,,0,25,,,,,,,,,,,,,,,,,,,,,,,
24101-n,1DBB1A7FEC,1,,LODS,36,,"30""",75000,ETNA,51,603,6003,6,3,58,23,828,1023,2024-07-19,2024-08-21,144415,0.950098684,0.986671053,1036.819715,,0.975049342,1049.177673,1023,,,,,0,36,,,,,,,,,,,,,,,,,,,,,,,
24101-n,137A27CF22,1,,LODS,55,,"22""",150000,T9905,43,604,6004,6,4,25,18.3,1828,2396,2024-07-22,2024-08-30,120972,0.87745975,0.979553903,2446.011385,,0.897931593,2668.354717,2396,,,,,0,55,,,,,,,,,,,,,,,,,,,,,,,
24101-n,14A4CA0F78,1,,LODS,66,,"22""",75000,Zorro,15,605,6005,6,5,28,21.2,1688,2134,2024-07-21,2024-08-30,113011,0.789661319,0.905730129,2356.110204,,0.871751602,2447.945028,2356.110204,,,,,0,66,,,,,,,,,,,,,,,,,,,,,,,
24101-n,1F28AAC832,1,,LODS,85,,"22""",100000,Red Rover,25,606,6006,6,6,61,18.6,827,1080,2024-07-18,2024-08-21,119735,0.938282648,0.994454713,1086.022305,,0.893862541,1208.239468,1080,,,,,0,85,,,,,,,,,,,,,,,,,,,,,,,
24101-n,1A8E6CC8D8,2,,LODS,96,,"22""",75000,T9905,13,607,6007,6,7,27,18.1,1526,2005,2024-07-24,2024-08-31,88994,0.573214286,0.690740741,2902.680965,,0.792741495,2529.197743,2005,,,,,0,96,,,,,,,,,,,,,,,,,,,,,,,
24101-n,1E8608BDB2,2,,LODS,115,,"22""",150000,T9905,43,608,6008,6,8,25,19.7,2088,2690,2024-07-24,2024-08-30,103567,0.798214286,0.977736549,2751.252372,,0.840680921,3199.78714,2751.252372,,,,,0,115,,,,,,,,,,,,,,,,,,,,,,,
24101-n,1B62F0EA7F,2,,LODS,126,,"22""",100000,ETNA,21,609,6009,6,9,53,19.7,845,1089,2024-07-19,2024-08-21,120335,0.87867975,0.990757856,1099.158582,,0.895844025,1215.613399,1089,,,,,0,126,,,,,,,,,,,,,,,,,,,,,,,
24101-n,1875D9E138,2,,LODS,145,,"30""",100000,Cayenne,63,610,6010,6,10,37,20.2,2044,2617,2024-07-24,2024-08-28,145550,0.957565789,0.990671175,2641.643428,,0.978782895,2673.728786,2617,,,,,0,145,,,,,,,,,,,,,,,,,,,,,,,
24101-n,18E872AECC,2,,LODS,156,,"30""",75000,Merlot,52,611,6011,6,11,42,20.5,1282,1635,2024-07-25,2024-09-01,133093,0.875600321,0.876552632,1865.261641,,0.937800161,1743.4418,1635,,,,,0,156,,,,,,,,,,,,,,,,,,,,,,,
24101-n,16EDD0D6A7,2,,LODS,175,,"30""",150000,Red Dawn,84,612,6012,6,12,64,19.7,766,987,2024-07-16,2024-08-20,151523,0.996861842,0.999723681,987.2728027,,0.998430921,988.5511148,987,,,,,0,175,,,,,,,,,,,,,,,,,,,,,,,
24101-n,13915D621D,3,,LODS,186,,"22""",150000,Redhawk,41,613,6013,6,13,56,20.3,580,742,2024-07-17,2024-08-20,123286,0.895535714,0.953617811,778.0894942,,0.905551389,819.3902732,742,,,,,0,186,,,,,,,,,,,,,,,,,,,,,,,
24101-n,1657F218F5,3,,LODS,205,,"22""",75000,Zorro,15,614,6014,6,14,26,20,1588,2039,2024-07-21,2024-08-30,119337,0.90625,0.96857671,2105.150763,,0.892553339,2284.457311,2039,,,,,0,205,,,,,,,,,,,,,,,,,,,,,,,
24101-n,14CA912D81,3,,LODS,216,,"22""",100000,Apex,16,615,6015,6,15,29,20.9,1315,1669,2024-07-21,2024-09-02,83791,0.511607143,0.577777778,2888.653846,,0.775626476,2151.808959,1669,,,,,0,216,,,,,,,,,,,,,,,,,,,,,,,
24101-n,19E336647B,3,,LODS,235,,"30""",100000,ETNA,66,616,6016,6,16,58,17.7,980,1294,2024-07-18,2024-08-21,148769,0.978736982,0.999763158,1294.306546,,0.989368491,1307.905004,1294,,,,,0,235,,,,,,,,,,,,,,,,,,,,,,,
24101-n,16CA55D478,3,,LODS,246,,"30""",150000,black bear,77,617,6017,6,17,24,17.9,2120,2793,2024-07-23,2024-08-30,151753,0.998388137,0.999552632,2794.250059,,0.999194069,2795.252782,2793,,,,,0,246,,,,,,,,,,,,,,,,,,,,,,,
24101-n,178080C6F1,3,,LODS,265,,"30""",75000,Cayenne,48,618,6018,6,18,41,17.8,2207,2911,2024-07-24,2024-08-30,141755,0.932598684,0.99575,2923.424554,,0.966299342,3012.524042,2911,,,,,0,265,,,,,,,,,,,,,,,,,,,,,,,
24101-n,1C77D7A0FB,4,,LODS,276,,"22""",75000,Merlot,7,619,6019,6,19,0,17.6,1003,1326,2024-07-25,2024-09-01,107330,0.710338681,0.772643253,1716.186603,,0.853056888,1554.409816,1716.186603,,,,,0,276,,,,,,,,,,,,,,,,,,,,,,,
24101-n,1D1279BF3A,4,,LODS,295,,"22""",100000,Red Dawn,24,620,6020,6,20,67,20.6,479,610,2024-07-16,2024-08-19,124466,0.966905188,0.979667283,622.6603774,,0.909430325,670.7495706,610,,,,,0,295,,,,,,,,,,,,,,,,,,,,,,,
24101-n,1268400927,4,,LODS,306,,"22""",150000,Redhawk,41,621,6021,6,21,,,,,2024-07-17,2024-08-21,123395,0.885129118,0.85528757,.,,,,,,,,,0,306,,,,,,,,,,,,,,,,,,,,,,,
24101-n,1559A17693,4,,LODS,325,,"30""",150000,Apex,76,622,6022,6,22,28,18.9,1843,2398,2024-07-21,2024-09-01,149638,0.984460526,0.986776142,2430.135771,,0.992230263,2416.777727,2398,,,,,0,325,,,,,,,,,,,,,,,,,,,,,,,
24101-n,113367E42B,4,,LODS,336,,"30""",100000,CLERK,64,623,6023,6,23,64,25.4,419,.,2024-07-24,,151433,0.996263182,0.994302632,#VALUE!,,0.998131591,502.9396971,.,,,,,0,336,,,,,,,,,,,,,,,,,,,,,,,
24101-n,17F9F65A41,4,,LODS,355,,"30""",75000,Redhawk,56,624,6024,6,24,62,24,362,.,2024-07-16,2024-08-25,131093,0.862465296,0.930091185,#VALUE!,,0.931232648,473.5658709,.,,,,,0,355,,,,,,,,,,,,,,,,,,,,,,,
24101-n,1647132305,1,,LODS,7,,"30""",100000,Redhawk,71,701,7001,7,1,-9,-9,-9,,2024-07-17,2024-08-21,141596,0.931540374,0.983026092,.,,,,,,,,,0,7,,,,,,,,,,,,,,,,,,,,,,,
24101-n,135525D516,1,,LODS,24,,"30""",150000,T9905,88,702,7002,7,2,27,20,2001,2569,2024-07-24,2024-08-30,123769,0.814269737,0.909604074,2824.305733,,0.907134869,2831.993444,2824.305733,,,,,0,24,,,,,,,,,,,,,,,,,,,,,,,
24101-n,1CB9084CD5,1,,LODS,37,,"30""",75000,Red Dawn,54,703,7003,7,3,65,20.6,553,705,2024-07-16,2024-08-20,148085,0.974243421,0.993552632,709.5748907,,0.987121711,714.197644,705,,,,,0,37,,,,,,,,,,,,,,,,,,,,,,,
24101-n,1617DE1AAA,1,,LODS,54,,"22""",150000,Red Dawn,39,704,7004,7,4,64,20.7,550,700,2024-07-18,2024-08-20,121350,0.833631485,0.911439114,768.0161943,,0.899175006,778.4913901,768.0161943,,,,,0,54,,,,,,,,,,,,,,,,,,,,,,,
24101-n,1ABB092894,1,,LODS,67,,"22""",75000,T9905,13,705,7005,7,5,27,21.3,1322,1669,2024-07-25,2024-08-31,118049,0.770944742,0.819188192,2037.382883,,0.88831397,1878.840204,2037.382883,,,,,0,67,,,,,,,,,,,,,,,,,,,,,,,
24101-n,13F7E6DCBF,1,,LODS,84,,"22""",100000,black bear,17,706,7006,7,6,29,20.3,1943,2485,2024-07-25,2024-09-01,121688,0.954423592,0.964814815,2575.6238,,0.90028684,2760.231395,2485,,,,,0,84,,,,,,,,,,,,,,,,,,,,,,,
24101-n,179874C9E2,2,,LODS,97,,"22""",75000,Windbreaker,14,707,7007,7,7,53,19.4,1575,2037,2024-07-21,2024-08-28,104167,0.743315508,0.935304991,2177.899209,,0.842661369,2417.341148,2177.899209,,,,,0,97,,,,,,,,,,,,,,,,,,,,,,,
24101-n,131622A06A,2,,LODS,114,,"22""",150000,Eclipse,35,708,7008,7,8,61,17.4,1594,2113,2024-07-21,2024-08-26,112700,0.886404293,1,2113,,0.870721246,2426.723835,2113,,,,,0,114,,,,,,,,,,,,,,,,,,,,,,,
24101-n,10F0B9FC46,2,,LODS,127,,"22""",100000,Cayenne,18,709,7009,7,9,39,20.1,2126,2726,2024-07-24,2024-08-30,126035,0.913392857,1,2726,,0.914586088,2980.583278,2726,,,,,0,127,,,,,,,,,,,,,,,,,,,,,,,
24101-n,12865E420B,2,,LODS,144,,"30""",100000,Windbreaker,74,710,7010,7,10,41,19.1,1573,2042,2024-07-21,2024-08-24,151444,0.99633555,0.982078476,2079.263573,,0.998167775,2045.748271,2042,,,,,0,144,,,,,,,,,,,,,,,,,,,,,,,
24101-n,13ED8B4B49,2,,LODS,157,,"30""",75000,Eclipse,50,711,7011,7,11,26,19.6,1818,2345,2024-07-22,2024-08-28,151627,0.997565741,0.998447389,2348.646535,,0.998782871,2347.857647,2345,,,,,0,157,,,,,,,,,,,,,,,,,,,,,,,
24101-n,1F1317254C,2,,LODS,174,,"30""",150000,black bear,77,712,7012,7,12,27,18.5,2396,3133,2024-07-25,2024-09-01,151792,0.998625009,1,3133,,0.999312505,3135.155405,3133,,,,,0,174,,,,,,,,,,,,,,,,,,,,,,,
24101-n,1EB43CFF67,3,,LODS,187,,"22""",150000,CLERK,34,713,7013,7,13,68,19.5,931,1203,2024-07-24,,126132,0.949197861,0.996303142,1207.463822,,0.914902436,1314.894303,1203,,,,,0,187,,,,,,,,,,,,,,,,,,,,,,,
24101-n,16A2B8AB04,3,,LODS,204,,"22""",75000,T9905,13,714,7014,7,14,26,18.3,1310,1717,2024-07-26,2024-08-31,105086,0.700892857,0.838289963,2048.217295,,0.845679906,2030.319022,2048.217295,,,,,0,204,,,,,,,,,,,,,,,,,,,,,,,
24101-n,1D5B0E31A0,3,,LODS,217,,"22""",100000,T9905,28,715,7015,7,15,23,19.2,1592,2064,2024-07-24,,97257,0.66427932,0.775510204,2661.473684,,0.819926447,2517.298969,2661.473684,,,,,0,217,,,,,,,,,,,,,,,,,,,,,,,
24101-n,19C0B13B77,3,,LODS,234,,"30""",100000,CLERK,64,716,7016,7,16,75,21.2,895,1132,2024-07-20,,151812,0.998756587,0.995999947,1136.546245,,0.999378294,1132.70421,1132,,,,,0,234,,,,,,,,,,,,,,,,,,,,,,,
24101-n,1743EE89CD,3,,LODS,247,,"30""",150000,Merlot,82,717,7017,7,17,41,17.7,1483,1958,2024-07-23,2024-09-01,147383,0.969625,0.976092105,2005.958238,,0.9848125,1988.195723,1958,,,,,0,247,,,,,,,,,,,,,,,,,,,,,,,
24101-n,1C399A622E,3,,LODS,264,,"30""",75000,Red Rover,55,718,7018,7,18,58,18.9,527,686,2024-07-17,2024-08-21,112910,0.742828947,0.892644737,768.5028228,,0.871414474,787.2258505,768.5028228,,,,,0,264,,,,,,,,,,,,,,,,,,,,,,,
24101-n,1261178526,4,,LODS,277,,"22""",75000,Redhawk,11,719,7019,7,19,,,,,2024-07-16,2024-08-21,123278,0.941018767,0.990740741,.,,,,,,,,,0,277,,,,,,,,,,,,,,,,,,,,,,,
24101-n,1760FF63F5,4,,LODS,294,,"22""",100000,Nautica,23,720,7020,7,20,31,17.7,1480,1954,2024-07-25,2024-08-30,122306,0.914132379,0.916512059,2131.995951,,0.902319722,2165.529527,1954,,,,,0,294,,,,,,,,,,,,,,,,,,,,,,,
24101-n,1D4E689309,4,,LODS,307,,"22""",150000,Cayenne,33,721,7021,7,21,40,18.3,2280,2989,2024-07-23,2024-08-28,130952,0.954504906,0.996309963,3000.07037,,0.930763158,3211.343266,2989,,,,,0,307,,,,,,,,,,,,,,,,,,,,,,,
24101-n,10A9092A76,4,,LODS,324,,"30""",150000,CLERK,79,722,7022,7,22,67,20,827,1062,2024-07-20,,151937,0.999598679,0.998302632,1063.80567,,0.99979934,1062.213144,1062,,,,,0,324,,,,,,,,,,,,,,,,,,,,,,,
24101-n,14D541DADE,4,,LODS,337,,"30""",100000,ETNA,66,723,7023,7,23,57,23.6,681,835,2024-07-18,2024-08-26,147817,0.972467468,1,835,,0.986233734,846.6552818,835,,,,,0,337,,,,,,,,,,,,,,,,,,,,,,,
24101-n,1C94E545BB,4,,LODS,354,,"30""",75000,Cayenne,48,724,7024,7,24,43,20.5,1832,2337,2024-07-19,2024-09-01,146315,0.962598684,0.97181616,2404.775816,,0.981299342,2381.536296,2337,,,,,0,354,,,,,,,,,,,,,,,,,,,,,,,
24101-n,1A2F8E059F,1,,LODS,8,,"30""",100000,ETNA,66,801,8001,8,1,41,18.2,851,1117,2024-07-16,2024-08-19,146571,0.964282895,0.982105028,1137.352899,,0.982141448,1137.310723,1117,,,,,0,8,,,,,,,,,,,,,,,,,,,,,,,
24101-n,13D7345BF6,1,,LODS,23,,"30""",150000,black bear,77,802,8002,8,2,60,19,1885,2450,2024-07-23,2024-08-29,151632,0.997578947,0.998723684,2453.13097,,0.998789474,2452.969384,2450,,,,,0,23,,,,,,,,,,,,,,,,,,,,,,,
24101-n,13519E0F5D,1,,LODS,38,,"30""",75000,CLERK,49,803,8003,8,3,67,23,722,892,2024-07-23,,142067,0.934657465,0.997394737,894.3299649,,0.967328733,922.1270598,892,,,,,0,38,,,,,,,,,,,,,,,,,,,,,,,
24101-n,1B93418F81,1,,LODS,53,,"22""",150000,Red Rover,40,804,8004,8,4,57,18.9,764,994,2024-07-17,2024-08-22,129000,0.989285714,0.987108656,1006.981343,,0.924339314,1075.362678,994,,,,,0,53,,,,,,,,,,,,,,,,,,,,,,,
24101-n,18699C80DE,1,,LODS,68,,"22""",75000,Cayenne,3,805,8005,8,5,41,19.7,1511,1947,2024-07-23,2024-08-30,76037,0.515205725,0.537174721,3624.519031,,0.750120065,2595.584482,1947,,,,,0,68,,,,,,,,,,,,,,,,,,,,,,,
24101-n,1AFB396F00,1,,LODS,83,,"22""",100000,Apex,16,806,8006,8,6,28,22.7,1549,1921,2024-07-24,2024-08-31,113134,0.873994638,0.983302412,1953.620755,,0.872156213,2202.587074,1921,,,,,0,83,,,,,,,,,,,,,,,,,,,,,,,
24101-n,198A5A08B5,2,,LODS,98,,"22""",75000,Nautica,8,807,8007,8,7,28,20,1804,2316,2024-07-25,2024-08-29,112556,0.86631016,0.961254613,2409.351248,,0.870247564,2661.311672,2316,,,,,0,98,,,,,,,,,,,,,,,,,,,,,,,
24101-n,1FCB05C378,2,,LODS,113,,"22""",150000,black bear,32,808,8008,8,8,36,19.2,1748,2266,2024-07-22,2024-08-28,115505,0.885612154,1,2266,,0.879950658,2575.14439,2266,,,,,0,113,,,,,,,,,,,,,,,,,,,,,,,
24101-n,1A8D9C3D2C,2,,LODS,128,,"22""",100000,Red Rover,25,809,8009,8,9,62,20.6,913,1163,2024-07-17,2024-08-20,134725,0.974084004,0.996303142,1167.315399,,0.943171427,1233.073827,1163,,,,,0,128,,,,,,,,,,,,,,,,,,,,,,,
24101-n,1295EA32E8,2,,LODS,143,,"30""",100000,CLERK,64,810,8010,8,10,63,20.4,1000,1277,2024-07-23,,139923,0.920558165,0.989592105,1290.430667,,0.960279083,1329.82174,1277,,,,,0,143,,,,,,,,,,,,,,,,,,,,,,,
24101-n,12E1D82A3B,2,,LODS,158,,"30""",75000,Ronnies red,57,811,8011,8,11,70,20.8,1183,1503,2024-07-21,,150758,0.991822422,0.998539474,1505.198382,,0.995911211,1509.17068,1503,,,,,0,158,,,,,,,,,,,,,,,,,,,,,,,
24101-n,16F697E982,2,,LODS,173,,"30""",150000,Nautica,83,812,8012,8,12,24,20.5,2112,2694,2024-07-21,2024-08-29,144687,0.951881896,0.999197358,2696.164055,,0.975940948,2760.412918,2694,,,,,0,173,,,,,,,,,,,,,,,,,,,,,,,
24101-n,1DE6C77E1F,3,,LODS,188,,"22""",150000,Ronnies red,42,813,8013,8,13,67,21.3,824,1041,2024-07-20,2024-09-02,126104,0.913624221,0.996296296,1044.869888,,0.914818519,1137.930616,1041,,,,,0,188,,,,,,,,,,,,,,,,,,,,,,,
24101-n,120F0BA503,3,,LODS,203,,"22""",75000,Red Dawn,9,814,8014,8,14,70,18.2,474,622,2024-07-16,2024-08-19,121053,0.884924175,0.988847584,629.0150376,,0.898203278,692.4935764,622,,,,,0,203,,,,,,,,,,,,,,,,,,,,,,,
24101-n,11D718A042,3,,LODS,218,,"22""",100000,Ronnies red,27,815,8015,8,15,67,19,592,769,2024-07-19,,130536,0.942857143,0.983333333,782.0338983,,0.929389087,827.4252525,769,,,,,0,218,,,,,,,,,,,,,,,,,,,,,,,
24101-n,1070391AA4,3,,LODS,233,,"30""",100000,Red Rover,70,816,8016,8,16,51,21.1,857,1085,2024-07-17,2024-08-21,145338,0.956171053,0.999342105,1085.714286,,0.978085527,1109.309943,1085,,,,,0,233,,,,,,,,,,,,,,,,,,,,,,,
24101-n,14133769EF,3,,LODS,248,,"30""",150000,CLERK,79,817,8017,8,17,94,22.7,980,1216,2024-07-24,,134199,0.882899775,0.999986842,1216.016,,0.941449888,1291.624776,1216,,,,,0,248,,,,,,,,,,,,,,,,,,,,,,,
24101-n,1844C7FCA3,3,,LODS,263,,"30""",75000,T9905,58,818,8018,8,18,48,18.6,1875,2449,2024-07-21,2024-08-30,124603,0.819756579,0.896646097,2731.289423,,0.90987829,2691.568783,2731.289423,,,,,0,263,,,,,,,,,,,,,,,,,,,,,,,
24101-n,1779F829CC,4,,LODS,278,,"22""",75000,Apex,1,819,8019,8,19,27,19.1,1860,2415,2024-07-22,2024-09-01,123954,0.917710197,0.983333333,2455.932203,,0.907738056,2660.459131,2415,,,,,0,278,,,,,,,,,,,,,,,,,,,,,,,
24101-n,17FD8383CA,4,,LODS,293,,"22""",100000,Zorro,30,820,8020,8,20,41,19.1,1350,1752,2024-07-24,2024-08-30,113325,0.866845398,0.962962963,1819.384615,,0.872777153,2007.385269,1752,,,,,0,293,,,,,,,,,,,,,,,,,,,,,,,
24101-n,14D1B023D4,4,,LODS,308,,"22""",150000,Red Rover,40,821,8021,8,21,62,21.7,561,705,2024-07-19,2024-08-23,133785,0.950089127,0.998141264,706.3128492,,0.940090923,749.9274621,705,,,,,0,308,,,,,,,,,,,,,,,,,,,,,,,
24101-n,13923433FD,4,,LODS,323,,"30""",150000,ETNA,81,822,8022,8,22,49,20.7,398,.,2024-07-18,2024-08-21,151058,0.993796093,0.999552626,.,,0.996898047,507.5744724,.,,,,,0,323,,,,,,,,,,,,,,,,,,,,,,,
24101-n,18448CDB9F,4,,LODS,338,,"30""",100000,Cayenne,63,823,8023,8,23,,,,,2024-07-21,2024-08-30,150028,0.987019822,0.999013145,.,,,,,,,,,0,338,,,,,,,,,,,,,,,,,,,,,,,
24101-n,18A3E17633,4,,LODS,353,,"30""",75000,Apex,46,824,8024,8,24,30,25.2,1433,1720,2024-07-23,2024-09-03,132174,0.869565789,0.976578947,1761.250337,,0.934782895,1839.999437,1720,,,,,0,353,,,,,,,,,,,,,,,,,,,,,,,
24101-n,1047A4D661,1,,LODS,9,,"30""",100000,black bear,62,901,9001,9,1,25,19.6,1633,2107,2024-07-26,2024-08-30,151495,0.996671075,0.992920959,2122.021879,,0.998335538,2110.51287,2107,,,,,0,9,,,,,,,,,,,,,,,,,,,,,,,
24101-n,17D142D80C,1,,LODS,22,,"30""",150000,Apex,76,902,9002,9,2,28,20.3,2220,2839,2024-07-24,2024-08-31,147339,0.969322772,0.997776257,2845.327276,,0.984661386,2883.22467,2839,,,,,0,22,,,,,,,,,,,,,,,,,,,,,,,
24101-n,1BAF74E1C8,1,,LODS,39,,"30""",75000,Windbreaker,59,903,9003,9,3,46,19.6,1482,1912,2024-07-21,2024-08-26,144393,0.949978947,0.993171053,1925.146726,,0.974989474,1961.046813,1912,,,,,0,39,,,,,,,,,,,,,,,,,,,,,,,
24101-n,17C35F9EF6,1,,LODS,52,,"22""",150000,CLERK,34,904,9004,9,4,61,20.4,657,839,2024-07-23,,122748,0.951024043,0.998148148,840.5565863,,0.90377366,928.3297772,839,,,,,0,52,,,,,,,,,,,,,,,,,,,,,,,
24101-n,1CD6C3DBF6,1,,LODS,69,,"22""",75000,Red Dawn,9,905,9005,9,5,59,19,513,667,2024-07-16,2024-08-21,123728,0.940071556,0.92962963,717.4900398,,0.906997323,735.3935711,667,,,,,0,69,,,,,,,,,,,,,,,,,,,,,,,
24101-n,1C3156684C,1,,LODS,82,,"22""",100000,CLERK,19,906,9006,9,6,72,24,432,527,2024-07-25,,124273,0.976827094,1,527,,0.908790074,579.8918973,527,,,,,0,82,,,,,,,,,,,,,,,,,,,,,,,
24101-n,1C1CB6CE61,2,,LODS,99,,"22""",75000,Merlot,7,907,9007,9,7,50,18.9,1139,1482,2024-07-23,,101116,0.688729875,0.871985158,1699.570213,,0.832622798,1779.917634,1699.570213,,,,,0,99,,,,,,,,,,,,,,,,,,,,,,,
24101-n,10EDEF24ED,2,,LODS,112,,"22""",150000,Zorro,45,908,9008,9,8,26,20.9,1506,1911,2024-07-24,2024-08-28,109320,0.828724353,1,1911,,0.859605263,2223.113425,1911,,,,,0,112,,,,,,,,,,,,,,,,,,,,,,,
24101-n,1D82BAB71D,2,,LODS,129,,"22""",100000,Apex,16,909,9009,9,9,52,18.7,1438,1876,2024-07-26,2024-09-02,124178,0.948214286,0.990723562,1893.565543,,0.908477576,2064.993182,1876,,,,,0,129,,,,,,,,,,,,,,,,,,,,,,,
24101-n,150719918B,2,,LODS,142,,"30""",100000,Merlot,67,910,9010,9,10,0,19.2,1600,2074,2024-07-25,2024-09-02,136658,0.899065789,0.916486842,2262.98939,,0.949532895,2184.23186,2074,,,,,0,142,,,,,,,,,,,,,,,,,,,,,,,
24101-n,1002DC1CCA,2,,LODS,159,,"30""",75000,Zorro,60,911,9011,9,11,38,21.2,1261,1594,2024-07-28,2024-08-30,107376,0.7064257,0.765691202,2081.779175,,0.85321285,1868.232528,2081.779175,,,,,0,159,,,,,,,,,,,,,,,,,,,,,,,
24101-n,101D2D89B4,2,,LODS,172,,"30""",150000,T9905,88,912,9012,9,12,26,20.4,1960,2503,2024-07-24,2024-08-30,141286,0.929507043,0.873972026,2863.936059,,0.964753522,2594.445052,2503,,,,,0,172,,,,,,,,,,,,,,,,,,,,,,,
24101-n,1DA96071B5,3,,LODS,189,,"22""",150000,Cayenne,33,913,9013,9,13,40,18.2,2265,2973,2024-07-24,2024-08-29,102950,0.755813953,0.822222222,3615.810811,,0.838651316,3544.977446,3615.810811,,,,,0,189,,,,,,,,,,,,,,,,,,,,,,,
24101-n,185799D1B5,3,,LODS,202,,"22""",75000,black bear,2,914,9014,9,14,25,18.4,1534,2009,2024-07-25,2024-08-30,122084,0.888392857,0.968634686,2074.053333,,0.901594748,2228.273851,2009,,,,,0,202,,,,,,,,,,,,,,,,,,,,,,,
24101-n,12EF83B0EE,3,,LODS,219,,"22""",100000,Eclipse,20,915,9015,9,15,41,18.4,1559,2041,2024-07-19,2024-08-26,126603,0.967914439,0.994454713,2052.381041,,0.916457237,2227.054267,2041,,,,,0,219,,,,,,,,,,,,,,,,,,,,,,,
24101-n,15059F9B51,3,,LODS,232,,"30""",100000,Ronnies red,72,916,9016,9,16,70,20.1,728,933,2024-07-20,2024-09-01,150057,0.98721061,0.995697425,937.0316489,,0.993605305,939.0046483,933,,,,,0,232,,,,,,,,,,,,,,,,,,,,,,,
24101-n,1E26CF6FAC,3,,LODS,249,,"30""",150000,Ronnies red,87,917,9017,9,17,66,19.8,984,1266,2024-07-22,,151808,0.998730272,0.998802616,1267.517706,,0.999365136,1266.804248,1266,,,,,0,249,,,,,,,,,,,,,,,,,,,,,,,
24101-n,1621A5E489,3,,LODS,262,,"30""",75000,Windbreaker,59,918,9018,9,18,26,19.6,1247,1609,2024-07-19,2024-08-24,150896,0.992756436,0.996394689,1614.821935,,0.996378218,1614.84863,1609,,,,,0,262,,,,,,,,,,,,,,,,,,,,,,,
24101-n,147179A32B,4,,LODS,279,,"22""",75000,Red Rover,10,919,9019,9,19,69,19.4,368,.,2024-07-17,2024-08-21,123365,0.924865832,0.990740741,.,,0.905800582,525.501981,.,,,,,0,279,,,,,,,,,,,,,,,,,,,,,,,
24101-n,19A4798182,4,,LODS,292,,"22""",100000,Apex,16,920,9020,9,20,,,,,2024-07-26,2024-09-03,113640,0.86631016,0.951851852,.,,,,,,,,,0,292,,,,,,,,,,,,,,,,,,,,,,,
24101-n,1703D43F70,4,,LODS,309,,"22""",150000,Zorro,45,921,9021,9,21,26,19,1452,1887,2024-07-26,2024-08-26,122991,0.895348837,0.951851852,1982.451362,,0.904575658,2086.060998,1887,,,,,0,309,,,,,,,,,,,,,,,,,,,,,,,
24101-n,1633AA4AFF,4,,LODS,322,,"30""",150000,Eclipse,80,922,9022,9,22,40,18,1761,2317,2024-07-23,2024-08-26,151836,0.998934197,0.999907894,2317.21343,,0.999467099,2318.235391,2317,,,,,0,322,,,,,,,,,,,,,,,,,,,,,,,
24101-n,1DE4E0341F,4,,LODS,339,,"30""",100000,Zorro,75,923,9023,9,23,26,24.3,1653,2008,2024-07-24,2024-08-28,136781,0.89986908,0.942367663,2130.803167,,0.94993454,2113.829865,2008,,,,,0,339,,,,,,,,,,,,,,,,,,,,,,,
24101-n,1F138CBA43,4,,LODS,352,,"30""",75000,T9905,58,924,9024,9,24,29,23.3,1460,1797,2024-07-27,2024-08-31,148936,0.979835659,0.989618558,1815.851154,,0.98991783,1815.302186,1797,,,,,0,352,,,,,,,,,,,,,,,,,,,,,,,
24101-n,161743762B,1,,LODS,10,,"30""",100000,Ronnies red,72,1001,10001,10,1,72,23,590,729,2024-07-24,2024-09-02,149980,0.986710526,0.997710556,730.6728342,,0.993355263,733.8764158,729,,,,,0,10,,,,,,,,,,,,,,,,,,,,,,,
24101-n,128FFC5EE2,1,,LODS,21,,"30""",150000,Windbreaker,89,1002,10002,10,2,45,20.2,1444,1849,2024-07-20,2024-08-24,151879,0.999203947,0.998421053,1851.924091,,0.999601974,1849.736244,1849,,,,,0,21,,,,,,,,,,,,,,,,,,,,,,,
24101-n,1346BCE35D,1,,LODS,40,,"30""",75000,Redhawk,56,1003,10003,10,3,52,20.4,358,457,2024-07-17,2024-08-21,99365,0.653708504,0.927343061,492.8057577,,0.826854252,552.6971639,492.8057577,,,,,0,40,,,,,,,,,,,,,,,,,,,,,,,
24101-n,11AC5EA708,1,,LODS,51,,"22""",150000,Eclipse,35,1004,10004,10,4,45,20,1319,1693,2024-07-23,2024-08-28,86857,0.643112701,0.724584104,2336.512755,,0.785717575,2154.718252,2336.512755,,,,,0,51,,,,,,,,,,,,,,,,,,,,,,,
24101-n,11A3DEAF70,1,,LODS,70,,"22""",75000,Redhawk,11,1005,10005,10,5,56,19.2,507,657,2024-07-17,2024-08-21,122648,0.948260482,0.998144712,658.2211896,,0.903447369,727.2144708,657,,,,,0,70,,,,,,,,,,,,,,,,,,,,,,,
24101-n,1C8627CFE0,1,,LODS,81,,"22""",100000,ETNA,21,1006,10006,10,6,56,20.5,823,1050,2024-07-18,2024-08-22,123499,0.972370766,0.990723562,1059.831461,,0.906244038,1158.628312,1050,,,,,0,81,,,,,,,,,,,,,,,,,,,,,,,
24101-n,1E7680FFC6,2,,LODS,100,,"22""",75000,black bear,2,1007,10007,10,7,25,19.7,1479,1906,2024-07-25,2024-09-01,106696,0.794459339,0.931734317,2045.647525,,0.850971375,2239.793319,2045.647525,,,,,0,100,,,,,,,,,,,,,,,,,,,,,,,
24101-n,1147AC00EA,2,,LODS,111,,"22""",150000,Red Rover,40,1008,10008,10,8,63,21.5,830,1045,2024-07-19,2024-08-24,113643,0.86940966,1,1045,,0.873830577,1195.883994,1045,,,,,0,111,,,,,,,,,,,,,,,,,,,,,,,
24101-n,1AAFB87CE6,2,,LODS,130,,"22""",100000,Windbreaker,29,1009,10009,10,9,39,20.5,1540,1965,2024-07-20,2024-08-26,117433,0.868983957,0.998151571,1968.638889,,0.886290222,2217.106712,1965,,,,,0,130,,,,,,,,,,,,,,,,,,,,,,,
24101-n,1B8410F2B7,2,,LODS,141,,"30""",100000,Ronnies red,72,1010,10010,10,10,82,21.9,956,1198,2024-07-23,,149063,0.980677632,0.999499993,1198.599308,,0.990338816,1209.687009,1198,,,,,0,141,,,,,,,,,,,,,,,,,,,,,,,
24101-n,1996D35627,2,,LODS,160,,"30""",75000,CLERK,49,1011,10011,10,11,63,21.7,851,1069,2024-07-23,,146865,0.966217105,0.995855209,1073.449223,,0.983108553,1087.367206,1069,,,,,0,160,,,,,,,,,,,,,,,,,,,,,,,
24101-n,11F82120E3,2,,LODS,171,,"30""",150000,Zorro,90,1012,10012,10,12,26,18.5,2202,2880,2024-07-24,2024-08-28,149619,0.984335526,0.998473664,2884.402567,,0.992167763,2902.734908,2880,,,,,0,171,,,,,,,,,,,,,,,,,,,,,,,
24101-n,16C060718C,3,,LODS,190,,"22""",150000,black bear,32,1013,10013,10,13,25,20.2,2191,2806,2024-07-23,2024-08-30,133367,0.952636282,1,2806,,0.938707237,2989.217393,2806,,,,,0,190,,,,,,,,,,,,,,,,,,,,,,,
24101-n,14E6BD5F55,3,,LODS,201,,"22""",75000,Merlot,7,1014,10014,10,14,40,19.2,1140,1478,2024-07-24,2024-08-31,122341,0.852415027,0.907407407,1628.816327,,0.902434853,1637.791355,1478,,,,,0,201,,,,,,,,,,,,,,,,,,,,,,,
24101-n,1ACBA97B56,3,,LODS,220,,"22""",100000,Cayenne,18,1015,10015,10,15,41,20.3,1672,2138,2024-07-23,2024-08-30,124700,0.941123996,0.994444444,2149.944134,,0.910205465,2348.920198,2138,,,,,0,220,,,,,,,,,,,,,,,,,,,,,,,
24101-n,1B1DAAE457,3,,LODS,231,,"30""",100000,Red Dawn,69,1016,10016,10,16,69,19.2,398,516,2024-07-16,2024-08-21,147552,0.970724069,0.997842077,517.1158964,,0.985362035,523.665396,516,,,,,0,231,,,,,,,,,,,,,,,,,,,,,,,
24101-n,19560BA2F1,3,,LODS,250,,"30""",150000,Redhawk,86,1017,10017,10,17,65,20.5,775,989,2024-07-18,2024-08-26,142072,0.934684211,0.991065907,997.9154696,,0.967342106,1022.389075,989,,,,,0,250,,,,,,,,,,,,,,,,,,,,,,,
24101-n,131D420CA5,3,,LODS,261,,"30""",75000,Redhawk,56,1018,10018,10,18,70,19.7,614,791,2024-07-19,2024-08-30,137680,0.905783515,0.939895528,841.5828959,,0.952891758,830.1047771,791,,,,,0,261,,,,,,,,,,,,,,,,,,,,,,,
24101-n,1D1564C77F,4,,LODS,280,,"22""",75000,T9905,13,1019,10019,10,19,29,18.9,1261,1641,2024-07-26,2024-08-30,110099,0.679750223,0.779220779,2105.95,,0.862172529,1903.331347,2105.95,,,,,0,280,,,,,,,,,,,,,,,,,,,,,,,
24101-n,15250B59CE,4,,LODS,291,,"22""",100000,Cayenne,18,1020,10020,10,20,44,19.5,1870,2416,2024-07-24,2024-08-30,107395,0.835860839,0.937037037,2578.339921,,0.853270702,2831.457818,2578.339921,,,,,0,291,,,,,,,,,,,,,,,,,,,,,,,
24101-n,185306E99C,4,,LODS,310,,"22""",150000,T9905,43,1021,10021,10,21,25,18.2,1903,2498,2024-07-23,2024-08-30,124069,0.937444147,0.986988848,2530.93032,,0.908119026,2750.74074,2498,,,,,0,310,,,,,,,,,,,,,,,,,,,,,,,
24101-n,1BD891F8B8,4,,LODS,321,,"30""",150000,Nautica,83,1022,10022,10,22,27,18.9,1809,2354,2024-07-23,2024-08-29,144339,0.949598684,0.998578985,2357.34983,,0.974799342,2414.855959,2354,,,,,0,321,,,,,,,,,,,,,,,,,,,,,,,
24101-n,1E095762D9,4,,LODS,340,,"30""",100000,Red Rover,70,1023,10023,10,23,66,19.4,411,532,2024-07-18,2024-08-24,151459,0.996453901,0.999815789,532.0980181,,0.998226951,532.9449378,532,,,,,0,340,,,,,,,,,,,,,,,,,,,,,,,
24101-n,1F6D482069,4,,LODS,351,,"30""",75000,Merlot,52,1024,10024,10,24,55,23,1094,1352,2024-07-24,2024-09-02,116836,0.768647781,0.806665965,1676.034516,,0.884323891,1528.851606,1676.034516,,,,,0,351,,,,,,,,,,,,,,,,,,,,,,,
24101-n,11FBF792FB,1,,LODS,11,,"30""",100000,T9905,73,1101,11001,11,1,26,21.3,1675,2115,2024-07-26,2024-08-30,149211,0.981651316,0.987973368,2140.745965,,0.990825658,2134.583398,2115,,,,,0,11,,,,,,,,,,,,,,,,,,,,,,,
24101-n,1B9839AAA6,1,,LODS,20,,"30""",150000,CLERK,79,1102,11002,11,2,70,23,963,1190,2024-07-25,2024-09-03,149803,0.985546053,0.999210516,1190.940228,,0.992773027,1198.662704,1190,,,,,0,20,,,,,,,,,,,,,,,,,,,,,,,
24101-n,1CDB6474C6,1,,LODS,41,,"30""",75000,Eclipse,50,1103,11003,11,3,25,20.3,1476,1888,2024-07-22,2024-08-28,111814,0.7356281,0.593797287,3179.536252,,0.86781405,2175.581278,3179.536252,,,,,0,41,,,,,,,,,,,,,,,,,,,,,,,
24101-n,1D1519F912,1,,LODS,50,,"22""",150000,Windbreaker,44,1104,11004,11,4,42,20.1,1532,1964,2024-07-20,2024-08-24,124995,0.950089127,0.981447124,2001.126654,,0.911162353,2155.488529,1964,,,,,0,50,,,,,,,,,,,,,,,,,,,,,,,
24101-n,15BD90DF5B,1,,LODS,71,,"22""",75000,Ronnies red,12,1105,11005,11,5,73,21,768,974,2024-07-21,2024-09-01,121596,0.920464701,0.935424354,1041.238659,,0.899984211,1082.241209,974,,,,,0,71,,,,,,,,,,,,,,,,,,,,,,,
24101-n,1D32470AF7,1,,LODS,80,,"22""",100000,Redhawk,26,1106,11006,11,6,51,19.2,832,1079,2024-07-21,2024-08-22,124411,0.991964286,0.968518519,1114.072658,,0.909254788,1186.68608,1079,,,,,0,80,,,,,,,,,,,,,,,,,,,,,,,
24101-n,1485745121,2,,LODS,101,,"22""",75000,Eclipse,5,1107,11007,11,7,,,,.,2024-07-23,2024-08-28,111606,0.847806625,0.970315399,.,,,,,,,,,0,101,,,,,,,,,,,,,,,,,,,,,,,
24101-n,189A641B49,2,,LODS,110,,"22""",150000,Apex,31,1108,11008,11,8,29,22,1489,1864,2024-07-19,2024-08-30,105965,0.825311943,0.96857671,1924.473282,,0.848569079,2196.639079,1924.473282,,,,,0,110,,,,,,,,,,,,,,,,,,,,,,,
24101-n,1D4DC84C27,2,,LODS,131,,"22""",100000,T9905,28,1109,11009,11,9,26,18.7,1194,1558,2024-07-21,2024-08-30,121141,0.819642857,0.814814815,1912.090909,,0.898484889,1734.030277,1912.090909,,,,,0,131,,,,,,,,,,,,,,,,,,,,,,,
24101-n,179DF95BCF,2,,LODS,140,,"30""",100000,Zorro,75,1110,11010,11,10,25,18.4,1570,2056,2024-07-23,2024-08-30,138591,0.911794892,0.994592034,2067.179235,,0.955897446,2150.858346,2056,,,,,0,140,,,,,,,,,,,,,,,,,,,,,,,
24101-n,1BEE9EAA14,2,,LODS,161,,"30""",75000,Red Dawn,54,1111,11011,11,11,65,19.5,341,440,2024-07-18,2024-08-21,149108,0.980973684,0.977736842,450.0188405,,0.990486842,444.2259921,440,,,,,0,161,,,,,,,,,,,,,,,,,,,,,,,
24101-n,108FE7B6A8,2,,LODS,170,,"30""",150000,ETNA,81,1112,11012,11,12,53,17.8,815,1075,2024-07-19,2024-08-21,137672,0.905736842,0.994420906,1081.031175,,0.952868421,1128.172554,1075,,,,,0,170,,,,,,,,,,,,,,,,,,,,,,,
24101-n,16CA3B78BF,3,,LODS,191,,"22""",150000,T9905,43,1113,11013,11,13,26,20.8,2309,2934,2024-07-26,2024-08-30,121058,0.913160251,0.946395564,3100.183594,,0.898219725,3266.461333,2934,,,,,0,191,,,,,,,,,,,,,,,,,,,,,,,
24101-n,1E5DB73B6E,3,,LODS,200,,"22""",75000,Eclipse,5,1114,11014,11,14,25,20.2,1638,2097,2024-07-24,2024-08-30,116578,0.860589812,0.914814815,2292.267206,,0.883480263,2373.567456,2097,,,,,0,200,,,,,,,,,,,,,,,,,,,,,,,
24101-n,173155525C,3,,LODS,221,,"22""",100000,black bear,17,1115,11015,11,15,26,20.2,1727,2211,2024-07-24,2024-08-31,125703,0.959001783,0.957407407,2309.361702,,0.913496711,2420.369964,2211,,,,,0,221,,,,,,,,,,,,,,,,,,,,,,,
24101-n,1259CDB3C1,3,,LODS,230,,"30""",100000,Zorro,75,1116,11016,11,16,29,20.8,2007,2551,2024-07-26,2024-08-30,135047,0.88846126,0.993157895,2568.574457,,0.94423063,2701.670459,2551,,,,,0,230,,,,,,,,,,,,,,,,,,,,,,,
24101-n,18DA1E9071,3,,LODS,251,,"30""",150000,Cayenne,78,1117,11017,11,17,41,19.1,2508,3256,2024-07-23,2024-08-30,144834,0.952861532,0.992894643,3279.3006,,0.976430766,3334.593822,3256,,,,,0,251,,,,,,,,,,,,,,,,,,,,,,,
24101-n,1A88B14122,3,,LODS,260,,"30""",75000,Merlot,52,1118,11018,11,18,41,19,1258,1635,2024-07-24,2024-08-30,105908,0.696763158,0.761342105,2147.523418,,0.848381579,1927.198846,2147.523418,,,,,0,260,,,,,,,,,,,,,,,,,,,,,,,
24101-n,10B9B24050,4,,LODS,281,,"22""",75000,Cayenne,3,1119,11019,11,19,41,19.1,1497,1943,2024-07-23,2024-09-01,111372,0.80411449,0.896678967,2166.884774,,0.866352853,2242.735155,2166.884774,,,,,0,281,,,,,,,,,,,,,,,,,,,,,,,
24101-n,1D3EE19DDE,4,,LODS,290,,"22""",100000,Windbreaker,29,1120,11020,11,20,46,18.9,1409,1834,2024-07-20,2024-08-24,120593,0.921638468,0.92962963,1972.828685,,0.89668489,2045.311592,1834,,,,,0,290,,,,,,,,,,,,,,,,,,,,,,,
24101-n,11CA3A8C7E,4,,LODS,311,,"22""",150000,CLERK,34,1121,11021,11,21,64,16.8,669,893,2024-07-22,2024-09-02,127646,0.955317248,0.972324723,918.4174573,,0.919896446,970.7614421,893,,,,,0,311,,,,,,,,,,,,,,,,,,,,,,,
24101-n,172226D42A,4,,LODS,320,,"30""",150000,Windbreaker,89,1122,11022,11,22,44,18.6,1507,1968,2024-07-20,2024-08-23,149603,0.984223788,0.998118471,1971.70983,,0.992111894,1983.64722,1968,,,,,0,320,,,,,,,,,,,,,,,,,,,,,,,
24101-n,1E6C09B8E8,4,,LODS,341,,"30""",100000,Nautica,68,1123,11023,11,23,46,21.4,1311,1653,2024-07-23,2024-08-30,146106,0.96121736,0.991999895,1666.330822,,0.98060868,1685.68771,1653,,,,,0,341,,,,,,,,,,,,,,,,,,,,,,,
24101-n,199C9D9E7A,4,,LODS,350,,"30""",75000,Zorro,60,1124,11024,11,24,30,25.6,1272,1519,2024-07-21,2024-09-01,108689,0.715054506,0.864715866,1756.646384,,0.857527253,1771.372274,1756.646384,,,,,0,350,,,,,,,,,,,,,,,,,,,,,,,
24101-n,14D1D74C4F,1,,LODS,12,,"30""",100000,Red Rover,70,1201,12001,12,1,60,20.7,642,817,2024-07-18,2024-08-20,151820,0.998809218,0.999631574,817.3011149,,0.999404609,817.4867242,817,,,,,0,12,,,,,,,,,,,,,,,,,,,,,,,
24101-n,11EC8AEE89,1,,LODS,19,,"30""",150000,Red Rover,85,1202,12002,12,2,57,21.2,1338,1692,2024-07-19,2024-08-22,150834,0.992342005,0.999960526,1692.066792,,0.996171003,1698.503566,1692,,,,,0,19,,,,,,,,,,,,,,,,,,,,,,,
24101-n,176658E42D,1,,LODS,42,,"30""",75000,Apex,46,1203,12003,12,3,51,19.5,1576,2036,2024-07-20,2024-09-02,141696,0.932210526,0.976526625,2084.940593,,0.966105263,2107.430813,2036,,,,,0,42,,,,,,,,,,,,,,,,,,,,,,,
24101-n,1B20C85804,1,,LODS,49,,"22""",150000,Cayenne,33,1204,12004,12,4,39,19.9,1476,1897,2024-07-24,2024-08-30,89482,0.663985702,0.770794824,2461.095923,,0.794346748,2388.125848,2461.095923,,,,,0,49,,,,,,,,,,,,,,,,,,,,,,,
24101-n,196A2A2CFF,1,,LODS,72,,"22""",75000,Eclipse,5,1205,12005,12,5,48,17.7,1216,1606,2024-07-24,2024-08-26,122878,0.942908118,0.918367347,1748.755556,,0.904198629,1776.158411,1606,,,,,0,72,,,,,,,,,,,,,,,,,,,,,,,
24101-n,103B4585F5,1,,LODS,79,,"22""",100000,Ronnies red,27,1206,12006,12,6,66,19.6,642,828,2024-07-22,2024-09-01,125538,0.976785714,0.981447124,843.6521739,,0.912962098,906.9379789,828,,,,,0,79,,,,,,,,,,,,,,,,,,,,,,,
24101-n,1183CAA820,2,,LODS,102,,"22""",75000,CLERK,4,1207,12007,12,7,66,22.9,588,727,2024-07-21,2024-09-02,113115,0.817290553,0.959334566,757.8169557,,0.872086368,833.6330284,757.8169557,,,,,0,102,,,,,,,,,,,,,,,,,,,,,,,
24101-n,1AA89F614D,2,,LODS,109,,"22""",150000,ETNA,36,1208,12008,12,8,52,20,170,218,2024-07-18,2024-08-20,87314,0.583556747,0.556586271,391.6733333,,0.787215216,276.9255417,218,,,,,0,109,,,,,,,,,,,,,,,,,,,,,,,
24101-n,1EBA4CDAE3,2,,LODS,132,,"22""",100000,Nautica,23,1209,12009,12,9,24,20.2,1403,1797,2024-07-25,2024-08-31,115600,0.847457627,0.977777778,1837.840909,,0.880263158,2041.434977,1837.840909,,,,,0,132,,,,,,,,,,,,,,,,,,,,,,,
24101-n,1C32A3B1D2,2,,LODS,139,,"30""",100000,Redhawk,71,1210,12010,12,10,74,21.2,738,933,2024-07-18,2024-08-23,148267,0.975447207,0.959079486,972.8077952,,0.987723604,944.5962379,933,,,,,0,139,,,,,,,,,,,,,,,,,,,,,,,
24101-n,143255DC9E,2,,LODS,162,,"30""",75000,T9905,58,1211,12011,12,11,22,22.1,1630,2038,2024-07-23,2024-09-01,147584,0.970947368,0.988223374,2062.286779,,0.985473684,2068.041017,2038,,,,,0,162,,,,,,,,,,,,,,,,,,,,,,,
24101-n,191BA5BC4A,2,,LODS,169,,"30""",150000,Red Rover,85,1212,12012,12,12,57,20.4,971,1240,2024-07-16,2024-08-24,151990,0.999927632,0.999394745,1240.750971,,0.999963816,1240.04487,1240,,,,,0,169,,,,,,,,,,,,,,,,,,,,,,,
24101-n,1D89C9FD69,3,,LODS,192,,"22""",150000,Nautica,38,1213,12013,12,13,23,18.4,1470,1925,2024-07-23,2024-08-30,116036,0.825156111,0.951762523,2022.563353,,0.88169988,2183.282594,2022.563353,,,,,0,192,,,,,,,,,,,,,,,,,,,,,,,
24101-n,18429729A7,3,,LODS,199,,"22""",75000,CLERK,4,1214,12014,12,14,67,20.6,584,744,2024-07-22,,117241,0.799107143,0.914498141,813.5609756,,0.885661184,840.050364,813.5609756,,,,,0,199,,,,,,,,,,,,,,,,,,,,,,,
24101-n,11EC604BC5,3,,LODS,222,,"22""",100000,ETNA,21,1215,12015,12,15,58,20,676,868,2024-07-19,2024-08-23,126514,0.938282648,0.990774908,876.0819367,,0.916164474,947.4281367,868,,,,,0,222,,,,,,,,,,,,,,,,,,,,,,,
24101-n,14314EC041,3,,LODS,229,,"30""",100000,Windbreaker,74,1216,12016,12,16,43,17.6,1402,1854,2024-07-20,2024-08-24,151711,0.998098684,0.999039448,1855.782575,,0.999049342,1855.764197,1854,,,,,0,229,,,,,,,,,,,,,,,,,,,,,,,
24101-n,1839F24454,3,,LODS,252,,"30""",150000,ETNA,81,1217,12017,12,17,50,17.8,472,623,2024-07-17,2024-08-20,149308,0.982302399,0.994736773,626.2963399,,0.9911512,628.5620199,623,,,,,0,252,,,,,,,,,,,,,,,,,,,,,,,
24101-n,1DFD5992AB,3,,LODS,259,,"30""",75000,Ronnies red,57,1218,12018,12,18,71,21.6,714,898,2024-07-21,2024-09-02,148970,0.980059342,0.988763158,908.2053602,,0.990029671,907.0435223,898,,,,,0,259,,,,,,,,,,,,,,,,,,,,,,,
24101-n,11B9586688,4,,LODS,282,,"22""",75000,Zorro,15,1219,12019,12,19,39,19.3,1677,2172,2024-07-21,2024-08-30,124924,0.955357143,0.99257885,2188.239252,,0.910931507,2384.372462,2172,,,,,0,282,,,,,,,,,,,,,,,,,,,,,,,
24101-n,1A28CF475A,4,,LODS,289,,"22""",100000,Ronnies red,27,1220,12020,12,20,71,18.5,695,909,2024-07-21,,121064,0.928507596,0.968518519,938.5468451,,0.898234222,1011.985491,909,,,,,0,289,,,,,,,,,,,,,,,,,,,,,,,
24101-n,1A4C47E754,4,,LODS,312,,"22""",150000,Red Dawn,39,1221,12021,12,21,59,18,387,.,2024-07-18,2024-08-21,122094,0.912655971,0.955555556,.,,0.901632927,564.5312907,.,,,,,0,312,,,,,,,,,,,,,,,,,,,,,,,
24101-n,1CEC5C1AED,4,,LODS,319,,"30""",150000,Red Dawn,84,1222,12022,12,22,67,20.6,399,.,2024-07-18,2024-08-21,151684,0.997907922,0.999526322,.,,0.998953961,508.5319442,.,,,,,0,319,,,,,,,,,,,,,,,,,,,,,,,
24101-n,1CF5B62A28,4,,LODS,342,,"30""",100000,black bear,62,1223,12023,12,23,66,25.3,1503,1802,2024-07-24,2024-08-28,150645,0.991079006,0.996407895,1808.496309,,0.995539503,1810.073829,1802,,,,,0,342,,,,,,,,,,,,,,,,,,,,,,,
24101-n,1AB9478878,4,,LODS,349,,"30""",75000,ETNA,51,1224,12024,12,24,55,22.2,501,625,2024-07-20,2024-08-24,151269,0.995197337,0.997000039,626.8806171,,0.997598669,626.5044449,625,,,,,0,349,,,,,,,,,,,,,,,,,,,,,,,
24101-n,1913C5BCE2,1,,LODS,13,,"30""",100000,Merlot,67,1301,13001,13,1,40,19.5,1360,1757,2024-07-25,2024-09-01,129422,0.851454925,0.88027474,1995.967758,,0.925727463,1897.966811,1757,,,,,0,13,,,,,,,,,,,,,,,,,,,,,,,
24101-n,17B74EF533,1,,LODS,18,,"30""",150000,Redhawk,86,1302,13002,13,2,61,21.2,763,965,2024-07-20,2024-08-26,149562,0.983973473,0.989697233,975.0456685,,0.991986737,972.7952648,965,,,,,0,18,,,,,,,,,,,,,,,,,,,,,,,
24101-n,17ADAD86EC,1,,LODS,43,,"30""",75000,Cayenne,48,1303,13003,13,3,39,20.5,2047,2611,2024-07-25,2024-08-30,132852,0.874020566,0.986802979,2645.918239,,0.937010283,2786.522248,2611,,,,,0,43,,,,,,,,,,,,,,,,,,,,,,,
24101-n,196870E465,1,,LODS,48,,"22""",150000,Redhawk,41,1304,13004,13,4,54,20.7,645,821,2024-07-19,2024-08-26,119061,0.872093023,0.935064935,878.0138889,,0.891648027,920.7669121,821,,,,,0,48,,,,,,,,,,,,,,,,,,,,,,,
24101-n,1B00F5B1B3,1,,LODS,73,,"22""",75000,CLERK,4,1305,13005,13,5,64,21.6,666,838,2024-07-25,,121315,0.944543828,0.97962963,855.4253308,,0.8990625,932.0820299,838,,,,,0,73,,,,,,,,,,,,,,,,,,,,,,,
24101-n,10EDA2B6DF,1,,LODS,78,,"22""",100000,T9905,28,1306,13006,13,6,54,23.2,1886,2324,2024-07-26,2024-08-31,108032,0.737030411,0.829944547,2800.187082,,0.855370759,2716.950487,2800.187082,,,,,0,78,,,,,,,,,,,,,,,,,,,,,,,
24101-n,151856F93E,2,,LODS,103,,"22""",75000,Ronnies red,12,1307,13007,13,7,76,22,745,932,2024-07-22,,97701,0.650934996,0.730483271,1275.867684,,0.821382754,1134.671985,1275.867684,,,,,0,103,,,,,,,,,,,,,,,,,,,,,,,
24101-n,1EBDA28DB6,2,,LODS,108,,"22""",150000,Cayenne,33,1308,13008,13,8,40,18.9,1559,2029,2024-07-24,2024-08-30,111288,0.855357143,0.996296296,2036.542751,,0.866076539,2342.749063,2029,,,,,0,108,,,,,,,,,,,,,,,,,,,,,,,
24101-n,1D7CAA682B,2,,LODS,133,,"22""",100000,Zorro,30,1309,13009,13,9,50,18.8,1451,1891,2024-07-23,2024-08-30,108943,0.696779964,0.756957328,2498.159314,,0.858372205,2203.007029,2498.159314,,,,,0,133,,,,,,,,,,,,,,,,,,,,,,,
24101-n,19B80CD0F0,2,,LODS,138,,"30""",100000,Eclipse,65,1310,13010,13,10,27,18.9,2265,2948,2024-07-24,2024-08-26,150589,0.990710587,0.992960434,2968.899767,,0.995355294,2961.75649,2948,,,,,0,138,,,,,,,,,,,,,,,,,,,,,,,
24101-n,163BBC07EE,2,,LODS,163,,"30""",75000,Cayenne,48,1311,13011,13,11,39,19.7,1858,2394,2024-07-24,2024-08-29,146841,0.966046499,0.996381531,2402.694073,,0.98302325,2435.344231,2394,,,,,0,163,,,,,,,,,,,,,,,,,,,,,,,
24101-n,190123EEC1,2,,LODS,168,,"30""",150000,Apex,76,1312,13012,13,12,29,21.5,2397,3019,2024-07-24,2024-08-30,142216,0.935631579,0.998197392,3024.451901,,0.96781579,3119.395274,3019,,,,,0,168,,,,,,,,,,,,,,,,,,,,,,,
24101-n,1B900C80E9,3,,LODS,193,,"22""",150000,ETNA,36,1313,13013,13,13,54,19.2,277,359,2024-07-18,2024-08-21,111339,0.719000892,0.658040665,545.5589888,,0.86625153,414.4292827,545.5589888,,,,,0,193,,,,,,,,,,,,,,,,,,,,,,,
24101-n,112C7B61D6,3,,LODS,198,,"22""",75000,ETNA,6,1314,13014,13,14,57,20.2,654,837,2024-07-18,2024-08-22,117997,0.818181818,0.905730129,924.1163265,,0.888148027,942.410471,924.1163265,,,,,0,198,,,,,,,,,,,,,,,,,,,,,,,
24101-n,1FDA18AEA7,3,,LODS,223,,"22""",100000,Redhawk,26,1315,13015,13,15,57,19.2,381,494,2024-07-19,2024-08-21,129811,0.956171735,0.998141264,494.9199255,,0.92700425,532.8993907,494,,,,,0,223,,,,,,,,,,,,,,,,,,,,,,,
24101-n,17EBFE59C1,3,,LODS,228,,"30""",100000,Merlot,67,1316,13016,13,16,45,19.6,1474,1902,2024-07-26,2024-09-01,138020,0.908026316,0.972934211,1954.911215,,0.954013158,1993.683194,1902,,,,,0,228,,,,,,,,,,,,,,,,,,,,,,,
24101-n,1BE6B8661A,3,,LODS,253,,"30""",150000,Red Rover,85,1317,13017,13,17,63,19.7,670,863,2024-07-18,2024-08-23,151348,0.995723628,1,863,,0.997861814,864.8492085,863,,,,,0,253,,,,,,,,,,,,,,,,,,,,,,,
24101-n,17413F4289,3,,LODS,258,,"30""",75000,ETNA,51,1318,13018,13,18,58,20.1,617,791,2024-07-18,2024-08-23,142530,0.937691199,0.995960473,794.2082254,,0.9688456,816.4355604,791,,,,,0,258,,,,,,,,,,,,,,,,,,,,,,,
24101-n,116C8646E4,4,,LODS,283,,"22""",75000,Windbreaker,14,1319,13019,13,19,66,17.8,1092,1440,2024-07-21,2024-08-28,109360,0.767857143,0.972375691,1480.909091,,0.859736842,1674.93113,1480.909091,,,,,0,283,,,,,,,,,,,,,,,,,,,,,,,
24101-n,18EB119CF7,4,,LODS,288,,"22""",100000,Eclipse,20,1320,13020,13,20,28,18.2,1716,2252,2024-07-25,2024-08-26,125005,0.967799642,0.996282528,2260.402985,,0.911197953,2471.471752,2252,,,,,0,288,,,,,,,,,,,,,,,,,,,,,,,
24101-n,1362E33B9E,4,,LODS,313,,"22""",150000,Apex,31,1321,13021,13,21,36,19.3,1403,1817,2024-07-22,2024-08-31,125605,0.904549509,0.942592593,1927.662083,,0.913179779,1989.750587,1817,,,,,0,313,,,,,,,,,,,,,,,,,,,,,,,
24101-n,1FFCF5480D,4,,LODS,318,,"30""",150000,Cayenne,78,1322,13022,13,22,40,18.7,1319,1721,2024-07-22,2024-08-28,147818,0.972480444,0.994289699,1730.883868,,0.986240222,1745.010963,1721,,,,,0,318,,,,,,,,,,,,,,,,,,,,,,,
24101-n,1053FECB2B,4,,LODS,343,,"30""",100000,Red Dawn,69,1323,13023,13,23,65,24.7,214,.,2024-07-17,2024-08-23,151879,0.999197374,0.999394745,.,,0.999598687,259.1039818,.,,,,,0,343,,,,,,,,,,,,,,,,,,,,,,,
24101-n,1F7EC2169B,4,,LODS,348,,"30""",75000,Windbreaker,59,1324,13024,13,24,59,23.3,1504,1851,2024-07-21,2024-08-26,131641,0.866076304,0.978210526,1892.230711,,0.933038152,1983.841707,1851,,,,,0,348,,,,,,,,,,,,,,,,,,,,,,,
24101-n,1F3E3C7202,1,,LODS,14,,"30""",100000,Red Dawn,69,1401,14001,14,1,61,20.1,427,547,2024-07-18,2024-08-21,150318,0.988953729,0.997157895,548.5590626,,0.994476865,550.037934,547,,,,,0,14,,,,,,,,,,,,,,,,,,,,,,,
24101-n,1EE98D13AE,1,,LODS,17,,"30""",150000,Red Dawn,84,1402,14002,14,2,65,20.5,595,759,2024-07-19,2024-08-21,149613,0.984289577,0.996855222,761.3944166,,0.992144789,765.0093099,759,,,,,0,17,,,,,,,,,,,,,,,,,,,,,,,
24101-n,10C128A4AC,1,,LODS,44,,"30""",75000,Merlot,52,1403,14003,14,3,42,18.6,918,1199,2024-07-24,2024-09-02,132193,0.869685068,0.90217234,1329.014366,,0.934842534,1282.568942,1199,,,,,0,44,,,,,,,,,,,,,,,,,,,,,,,
24101-n,162DD8AFEB,1,,LODS,47,,"22""",150000,Zorro,45,1404,14004,14,4,28,21.2,1570,1985,2024-07-24,2024-08-28,123237,0.954504906,0.994434137,1996.110075,,0.905387536,2192.431332,1985,,,,,0,47,,,,,,,,,,,,,,,,,,,,,,,
24101-n,10F8436E71,1,,LODS,74,,"22""",75000,Windbreaker,14,1405,14005,14,5,50,19.9,1223,1572,2024-07-21,2024-08-26,122658,0.95706619,0.99257885,1583.753271,,0.903480263,1739.938396,1572,,,,,0,74,,,,,,,,,,,,,,,,,,,,,,,
24101-n,1E5BC0F5A0,1,,LODS,77,,"22""",100000,Red Dawn,24,1406,14006,14,6,56,18.5,539,705,2024-07-20,2024-08-19,125487,0.964349376,0.988868275,712.9362101,,0.912783469,772.3628049,705,,,,,0,77,,,,,,,,,,,,,,,,,,,,,,,
24101-n,1AA5643697,2,,LODS,104,,"22""",75000,Redhawk,11,1407,14007,14,7,57,20.6,253,322,2024-07-17,2024-08-21,97018,0.669347632,0.573800738,561.170418,,0.819138158,393.0960814,561.170418,,,,,0,104,,,,,,,,,,,,,,,,,,,,,,,
24101-n,1157728786,2,,LODS,107,,"22""",150000,Redhawk,41,1408,14008,14,8,,,,,2024-07-18,2024-08-24,115099,0.830659537,0.985185185,.,,,,,,,,,0,107,,,,,,,,,,,,,,,,,,,,,,,
24101-n,10F0B53C07,2,,LODS,134,,"22""",100000,Eclipse,20,1409,14009,14,9,29,19.6,1786,2304,2024-07-22,2024-08-28,131040,0.99285076,0.987037037,2334.258912,,0.931052632,2474.618429,2304,,,,,0,134,,,,,,,,,,,,,,,,,,,,,,,
24101-n,1E9F22FC24,2,,LODS,137,,"30""",100000,Nautica,68,1410,14010,14,10,35,19.5,1810,2338,2024-07-26,2024-08-30,137983,0.907776923,0.904642227,2584.447121,,0.953888462,2451.020318,2338,,,,,0,137,,,,,,,,,,,,,,,,,,,,,,,
24101-n,1F24AA3057,2,,LODS,164,,"30""",75000,Apex,46,1411,14011,14,11,38,20.1,1404,1800,2024-07-26,2024-09-01,142718,0.938934211,0.980144737,1836.463465,,0.969467106,1856.690124,1800,,,,,0,164,,,,,,,,,,,,,,,,,,,,,,,
24101-n,1BD5369796,2,,LODS,167,,"30""",150000,Cayenne,78,1412,14012,14,12,40,17.9,2059,2713,2024-07-23,2024-08-31,149679,0.98474322,0.99448677,2728.040315,,0.99237161,2733.854911,2713,,,,,0,167,,,,,,,,,,,,,,,,,,,,,,,
24101-n,101C8DC954,3,,LODS,194,,"22""",150000,Eclipse,35,1413,14013,14,13,28,18.4,1318,1726,2024-07-22,2024-08-28,115179,0.669051878,0.535055351,3225.834483,,0.878873305,1963.87806,3225.834483,,,,,0,194,,,,,,,,,,,,,,,,,,,,,,,
24101-n,1FD7ADB5B1,3,,LODS,197,,"22""",75000,Cayenne,3,1414,14014,14,14,41,18,1429,1880,2024-07-23,2024-08-30,125890,0.894548704,0.974121996,1929.943074,,0.914111842,2056.641117,1880,,,,,0,197,,,,,,,,,,,,,,,,,,,,,,,
24101-n,140B25FD63,3,,LODS,224,,"22""",100000,Windbreaker,29,1415,14015,14,15,44,18.2,1194,1567,2024-07-20,2024-08-26,127659,0.949197861,0.987060998,1587.541199,,0.919930921,1703.38877,1567,,,,,0,224,,,,,,,,,,,,,,,,,,,,,,,
24101-n,17BCFC1D0E,3,,LODS,227,,"30""",100000,T9905,73,1416,14016,14,16,27,17.6,2041,2699,2024-07-24,2024-08-31,148583,0.977532599,0.995881633,2710.161439,,0.9887663,2729.66423,2699,,,,,0,227,,,,,,,,,,,,,,,,,,,,,,,
24101-n,1D7076FD12,3,,LODS,254,,"30""",150000,T9905,88,1417,14017,14,17,38,18.5,2109,2758,2024-07-24,2024-08-30,151808,0.998723701,1,2758,,0.999361851,2759.76114,2758,,,,,0,254,,,,,,,,,,,,,,,,,,,,,,,
24101-n,1C8BF78179,3,,LODS,257,,"30""",75000,black bear,47,1418,14018,14,18,27,17.5,2069,2739,2024-07-23,2024-08-30,150056,0.987204032,0.994460526,2754.257135,,0.993602016,2756.636919,2739,,,,,0,257,,,,,,,,,,,,,,,,,,,,,,,
24101-n,1C05A9DD0F,4,,LODS,284,,"22""",75000,Red Dawn,9,1419,14019,14,19,,,,,2024-07-20,2024-08-24,130315,0.910554562,0.97962963,.,,,,,,,,,0,284,,,,,,,,,,,,,,,,,,,,,,,
24101-n,1713FA3EEE,4,,LODS,287,,"22""",100000,Red Rover,25,1420,14020,14,20,,,,,2024-07-20,2024-08-26,125051,0.951957295,0.996303142,.,,,,,,,,,0,287,,,,,,,,,,,,,,,,,,,,,,,
24101-n,179B0EBA68,4,,LODS,314,,"22""",150000,ETNA,36,1421,14021,14,21,69,18,283,.,2024-07-18,2024-08-20,93993,0.688451209,0.693877551,.,,0.809183432,459.7227097,.,,,,,0,314,,,,,,,,,,,,,,,,,,,,,,,
24101-n,13928AF387,4,,LODS,317,,"30""",150000,Redhawk,86,1422,14022,14,22,56,21,433,549,2024-07-19,2024-08-23,148482,0.976855263,0.997986842,550.1074532,,0.988427632,555.427613,549,,,,,0,317,,,,,,,,,,,,,,,,,,,,,,,
24101-n,1A14590FE2,4,,LODS,344,,"30""",100000,T9905,73,1423,14023,14,23,,,,,2024-07-23,2024-08-30,138447,0.910847511,0.907011934,.,,,,,,,,,0,344,,,,,,,,,,,,,,,,,,,,,,,
24101-n,13D39C81EF,4,,LODS,347,,"30""",75000,Nautica,53,1424,14024,14,24,,,,,2024-07-24,2024-08-30,143768,0.945842105,0.996421147,.,,,,,,,,,0,347,,,,,,,,,,,,,,,,,,,,,,,
24101-n,1ECBE9100C,1,,LODS,15,,"30""",100000,Cayenne,63,1501,15001,15,1,40,20.6,1809,2305,2024-07-22,2024-08-29,145383,0.956460813,0.95046183,2425.136841,,0.978230407,2356.295597,2305,,,,,0,15,,,,,,,,,,,,,,,,,,,,,,,
24101-n,13C7E686AA,1,,LODS,16,,"30""",150000,Ronnies red,87,1502,15002,15,2,82,22,664,831,2024-07-21,,151993,0.999973684,1,831,,0.999986842,831.0109344,831,,,,,0,16,,,,,,,,,,,,,,,,,,,,,,,
24101-n,16614BF8FB,1,,LODS,45,,"30""",75000,Nautica,53,1503,15003,15,3,24,21.2,1489,1883,2024-07-24,2024-08-30,141132,0.928487783,0.927132538,2030.99333,,0.964243892,1952.825438,1883,,,,,0,45,,,,,,,,,,,,,,,,,,,,,,,
24101-n,1601855702,1,,LODS,46,,"22""",150000,Nautica,38,1504,15004,15,4,,,,,2024-07-23,2024-08-28,114474,0.886404293,0.975925926,.,,,,,,,,,0,46,,,,,,,,,,,,,,,,,,,,,,,
24101-n,1FE3C8DD87,1,,LODS,75,,"22""",75000,Red Rover,10,1505,15005,15,5,60,20.5,744,949,2024-07-19,2024-08-24,123597,0.949152542,0.987012987,961.4868421,,0.906571754,1046.800759,949,,,,,0,75,,,,,,,,,,,,,,,,,,,,,,,
24101-n,1F69EB8F23,1,,LODS,76,,"22""",100000,Nautica,23,1506,15006,15,6,54,20.7,1063,1353,2024-07-25,2024-08-30,111541,0.811775201,0.933579336,1449.26087,,0.866911184,1560.713514,1449.26087,,,,,0,76,,,,,,,,,,,,,,,,,,,,,,,
24101-n,13438C38B0,2,,LODS,105,,"22""",75000,Cayenne,3,1507,15007,15,7,34,17.6,1537,2032,2024-07-21,2024-09-01,111305,0.829181495,0.951672862,2135.1875,,0.866134869,2346.054955,2135.1875,,,,,0,105,,,,,,,,,,,,,,,,,,,,,,,
24101-n,143B059D49,2,,LODS,106,,"22""",150000,Windbreaker,44,1508,15008,15,8,45,17.9,1140,1502,2024-07-20,2024-08-22,118423,0.864937388,0.985212569,1524.54409,,0.88954678,1688.500295,1502,,,,,0,106,,,,,,,,,,,,,,,,,,,,,,,
24101-n,1B94CD7BFB,2,,LODS,135,,"22""",100000,Red Dawn,24,1509,15009,15,9,81,18.8,556,724,2024-07-17,2024-08-20,127391,0.978571429,0.988847584,732.1654135,,0.919057613,787.7634544,724,,,,,0,135,,,,,,,,,,,,,,,,,,,,,,,
24101-n,1F6ACB792D,2,,LODS,136,,"30""",100000,ETNA,66,1510,15010,15,10,54,19,1038,1349,2024-07-18,2024-08-22,144974,0.953770041,0.994986974,1355.796644,,0.976885021,1380.919936,1349,,,,,0,136,,,,,,,,,,,,,,,,,,,,,,,
24101-n,102E845022,2,,LODS,165,,"30""",75000,Windbreaker,59,1511,15011,15,11,48,20,1445,1855,2024-07-22,2024-08-26,149601,0.98421063,0.998960526,1856.93023,,0.992105315,1869.761176,1855,,,,,0,165,,,,,,,,,,,,,,,,,,,,,,,
24101-n,10E7A3798C,2,,LODS,166,,"30""",150000,Merlot,82,1512,15012,15,12,41,18.2,1340,1759,2024-07-23,2024-08-30,143440,0.943678002,0.997223648,1763.8972,,0.971839001,1809.97058,1759,,,,,0,166,,,,,,,,,,,,,,,,,,,,,,,
24101-n,15CE3CEFE9,3,,LODS,195,,"22""",150000,Windbreaker,44,1513,15013,15,13,35,18,1110,1461,2024-07-21,2024-08-23,122194,0.89937667,0.988868275,1477.446529,,0.901959237,1619.807128,1461,,,,,0,195,,,,,,,,,,,,,,,,,,,,,,,
24101-n,1F61015D17,3,,LODS,196,,"22""",75000,Apex,1,1514,15014,15,14,39,19.7,1647,2122,2024-07-23,2024-09-01,125524,0.963458111,0.985212569,2153.849906,,0.912907895,2324.440409,2122,,,,,0,196,,,,,,,,,,,,,,,,,,,,,,,
24101-n,1B3C6DE8BA,3,,LODS,225,,"22""",100000,Merlot,22,1515,15015,15,15,46,18.5,1015,1327,2024-07-22,,99203,0.711985689,0.825602968,1607.310112,,0.826323511,1605.90856,1607.310112,,,,,0,225,,,,,,,,,,,,,,,,,,,,,,,
24101-n,11D5A160FD,3,,LODS,226,,"30""",100000,Eclipse,65,1516,15016,15,16,25,17.9,2074,2732,2024-07-22,2024-08-26,147230,0.968612049,0.999460526,2733.474638,,0.984306025,2775.559564,2732,,,,,0,226,,,,,,,,,,,,,,,,,,,,,,,
24101-n,1DD79202CD,3,,LODS,255,,"30""",150000,Zorro,90,1517,15017,15,17,27,20.7,1306,1662,2024-07-24,2024-08-28,129347,0.850978302,0.829853024,2002.764286,,0.925489151,1795.807113,1662,,,,,0,255,,,,,,,,,,,,,,,,,,,,,,,
24101-n,137C8A71EA,3,,LODS,256,,"30""",75000,Nautica,53,1518,15018,15,18,33,18.8,1362,1775,2024-07-25,2024-08-30,143341,0.943026691,0.959170515,1850.557301,,0.971513346,1827.046441,1775,,,,,0,256,,,,,,,,,,,,,,,,,,,,,,,
24101-n,1C6C69333A,4,,LODS,285,,"22""",75000,Eclipse,5,1519,15019,15,19,27,18.3,905,1186,2024-07-24,2024-08-30,72005,0.437890974,0.506469501,2341.70073,,0.736858553,1609.535502,1186,,,,,0,285,,,,,,,,,,,,,,,,,,,,,,,
24101-n,19CB41E919,4,,LODS,286,,"22""",100000,CLERK,19,1520,15020,15,20,76,19.4,561,726,2024-07-24,,122196,0.889087657,0.97962963,741.0964083,,0.901965816,804.9085537,726,,,,,0,286,,,,,,,,,,,,,,,,,,,,,,,
24101-n,1CADF115D8,4,,LODS,315,,"22""",150000,Windbreaker,44,1521,15021,15,21,,,,,2024-07-20,2024-08-30,48078,0.305680794,0.158396947,.,,,,,,,,,0,315,,,,,,,,,,,,,,,,,,,,,,,
24101-n,1C5C0EAFE4,4,,LODS,316,,"30""",150000,Ronnies red,87,1522,15022,15,22,66,20,602,773,2024-07-25,,148411,0.976381734,1,773,,0.988190867,782.2375472,773,,,,,0,316,,,,,,,,,,,,,,,,,,,,,,,
24101-n,14A75B7E58,4,,LODS,345,,"30""",100000,Windbreaker,74,1523,15023,15,23,53,21.3,934,1179,2024-07-21,2024-08-23,150535,0.990355327,0.999789474,1179.248263,,0.995177664,1184.713085,1179,,,,,0,345,,,,,,,,,,,,,,,,,,,,,,,
24101-n,17BE1EC0F9,4,,LODS,346,,"30""",75000,black bear,47,1524,15024,15,24,27,26.2,1565,1853,2024-07-22,2024-08-30,151856,0.99907235,0.998999987,1854.854879,,0.999536175,1853.859867,1853,,,,,0,346,,,,,,,,,,,,,,,,,,,,,,,
,,,,,,,,,,,,,,,,,,,,,,0.901233621,,,8.355399756,,,,,,,,,,,,,,,,,,,,,,,,,,,,,,,,
,,,,,,,,,,,,,,,,,,,,,,0.011126533,,,,,,,,,,,,,,,,,,,,,,,,,,,,,,,,,,,
